"level_1","level_2","level_3"
"38033_AM","38","05"
"3803810","38","05"
"38020_AM","38","05"
"38049_AM","38","05"
"38015_AM","38","05"
"3800601","38","05"
"38035_AM","38","05"
"38011","38","05"
"38017","38","05"
"38019","38","05"
"38018","38","05"
"38010","38","05"
"38009","38","05"
"38008","38","05"
"38005","38","05"
"38001","38","05"
"38013_AM","38","05"
"38036_AM","38","05"
"38037","38","05"
"38032","38","05"
"38031","38","05"
"38034","38","05"
"38039","38","05"
"38042","38","05"
"38041","38","05"
"38045_AM","38","05"
"3803807_AD","38","05"
"3803802","38","05"
"3803803","38","05"
"3803809","38","05"
"3803804","38","05"
"3803801","38","05"
"3803805","38","05"
"3803806","38","05"
"38025","38","05"
"38028","38","05"
"38027","38","05"
"38022","38","05"
"38024","38","05"
"3803811","38","05"
"3803812","38","05"
"3802303","38","05"
"38051","38","05"
"38043","38","05"
"38046","38","05"
"38048","38","05"
"38040","38","05"
"3802304","38","05"
"3802305","38","05"
"3802306","38","05"
"3802301","38","05"
"3802302","38","05"
"38029_AM","38","05"
"38053_AM","38","05"
"38004","38","05"
"38026","38","05"
"2305004","23","01"
"2305002","23","01"
"2305006","23","01"
"2305003","23","01"
"2305005","23","01"
"2305009","23","01"
"2305001","23","01"
"23026_AM","23","01"
"2305501_AD","23","01"
"23058","23","01"
"23053","23","01"
"23079_AM","23","01"
"23088_AM","23","01"
"23010","23","01"
"23059_AM","23","01"
"23096_AM","23","01"
"23904_AM","23","01"
"23025_AM","23","01"
"23014_AM","23","01"
"2305007_AD","23","01"
"23006_AM","23","01"
"23044_AM","23","01"
"2305507","23","01"
"23018_AM","23","01"
"23082_AM","23","01"
"23066","23","01"
"23063_AM","23","01"
"23073_AM","23","01"
"23069_AM","23","01"
"2305506","23","01"
"2305504","23","01"
"2305505","23","01"
"23094_AM","23","01"
"23012_AM","23","01"
"23005","23","01"
"23003","23","01"
"23002","23","01"
"23009","23","01"
"23093_AM","23","01"
"23038","23","01"
"23024","23","01"
"23028","23","01"
"23061_AM","23","01"
"23039_AM","23","01"
"2305502_AD","23","01"
"23903_AM","23","01"
"23060_AM","23","01"
"23086_AM","23","01"
"23095","23","01"
"23099","23","01"
"23092","23","01"
"23067_AM","23","01"
"23087","23","01"
"23902_AM","23","01"
"23070_AM","23","01"
"23074_AM","23","01"
"23905_AM","23","01"
"23097_AM","23","01"
"10146_AM","10","11"
"10020_AM","10","11"
"10148","10","11"
"10087_AM","10","11"
"10205_AM","10","11"
"10109_AM","10","11"
"10216_AM","10","11"
"10021","10","11"
"10203","10","11"
"10110_AM","10","11"
"10035_AM","10","11"
"10061_AM","10","11"
"10049_AM","10","11"
"10184_AM","10","11"
"10006_AM","10","11"
"10186_AM","10","11"
"10121","10","11"
"1003704","10","11"
"1003705","10","11"
"1003702","10","11"
"10140_AM","10","11"
"10147_AM","10","11"
"10096_AM","10","11"
"10010_AM","10","11"
"10064_AM","10","11"
"10113_AM","10","11"
"10195_AM","10","11"
"10177_AM","10","11"
"10105_AM","10","11"
"10104","10","11"
"10089_AM","10","11"
"1003706_AD","10","11"
"10067","10","11"
"10018_AM","10","11"
"10115","10","11"
"10019_AM","10","11"
"10116_AM","10","11"
"10180_AM","10","11"
"10128","10","11"
"1003701","10","11"
"10127","10","11"
"1003703","10","11"
"10175_AM","10","11"
"10212_AM","10","11"
"10050_AM","10","11"
"10131","10","11"
"10189_AM","10","11"
"1913001","19","08"
"19156_AM","19","08"
"19160_AM","19","08"
"19190_AM","19","08"
"19171","19","08"
"1913004","19","08"
"1913002","19","08"
"1913005","19","08"
"1913003","19","08"
"19053_AM","19","08"
"19086_AM","19","08"
"19071_AM","19","08"
"19024","19","08"
"19319","19","08"
"19245_AM","19","08"
"19058_AM","19","08"
"19220_AM","19","08"
"19326_AM","19","08"
"19151_AM","19","08"
"19274_AM","19","08"
"19192_AM","19","08"
"19257_AM","19","08"
"19331_AM","19","08"
"19046_AM","19","08"
"19280_AM","19","08"
"22117_AM","22","02"
"22213_AM","22","02"
"22254_AM","22","02"
"22137_AM","22","02"
"22204_AM","22","02"
"22060_AM","22","02"
"22225_AM","22","02"
"22048","22","02"
"22021_AM","22","02"
"22199","22","02"
"22039_AM","22","02"
"2212507","22","02"
"2212506","22","02"
"2212502","22","02"
"2212505","22","02"
"2212501","22","02"
"2212504","22","02"
"22084_AM","22","02"
"2212503","22","02"
"22053_AM","22","02"
"22158","22","02"
"22901_AM","22","02"
"22228_AM","22","02"
"22130","22","02"
"22116_AM","22","02"
"22054_AM","22","02"
"22907_AM","22","02"
"22061","22","02"
"22112_AM","22","02"
"2212508","22","02"
"22017_AM","22","02"
"06094_AM","06","11"
"06109_AM","06","11"
"06025","06","11"
"06036_AM","06","11"
"06154_AM","06","11"
"06162_AM","06","11"
"06019_AM","06","11"
"06103","06","11"
"0601507","06","11"
"0601501","06","11"
"06060_AM","06","11"
"06095_AM","06","11"
"06117_AM","06","11"
"06006","06","11"
"06002","06","11"
"06108_AM","06","11"
"06028_AM","06","11"
"06128_AM","06","11"
"06121_AM","06","11"
"06012_AM","06","11"
"06070_AM","06","11"
"06122","06","11"
"06011","06","11"
"06153","06","11"
"06158","06","11"
"06066_AM","06","11"
"06127_AM","06","11"
"06120_AM","06","11"
"0601503","06","11"
"0601505","06","11"
"0601508","06","11"
"0601509","06","11"
"0601502","06","11"
"06149","06","11"
"0601506","06","11"
"0601504","06","11"
"06113_AM","06","11"
"06093_AM","06","11"
"06088_AM","06","11"
"0601510","06","11"
"06072_AM","06","11"
"06016_AM","06","11"
"06155_AM","06","11"
"06022_AM","06","11"
"06005_AM","06","11"
"06125_AM","06","11"
"0608302_AD","06","11"
"06044_AM","06","11"
"06091_AM","06","11"
"06063_AM","06","11"
"06055_AM","06","11"
"06074_AM","06","11"
"06014_AM","06","11"
"06023_AM","06","11"
"06069_AM","06","11"
"06052_AM","06","11"
"0608303","06","11"
"0608301","06","11"
"0608304","06","11"
"0608306","06","11"
"06123_AM","06","11"
"06054","06","11"
"06085_AM","06","11"
"06050_AM","06","11"
"2801302","28","13"
"2801301","28","13"
"2801303","28","13"
"2801304","28","13"
"28151_AM","28","13"
"28180","28","13"
"28032_AM","28","13"
"2811301","28","13"
"2811302","28","13"
"28181","28","13"
"2805806","28","13"
"2805802","28","13"
"2805805","28","13"
"2805809","28","13"
"2805808","28","13"
"2805803","28","13"
"2805801","28","13"
"2805807","28","13"
"28162_AM","28","13"
"2805804","28","13"
"28060_AM","28","13"
"2807407","28","13"
"2807402","28","13"
"2807406","28","13"
"2807404","28","13"
"2807401","28","13"
"2807405","28","13"
"2812301","28","13"
"28901_AM","28","13"
"28133_AM","28","13"
"28164","28","13"
"28091","28","13"
"28086","28","13"
"2800501","28","13"
"28084","28","13"
"28083","28","13"
"28089","28","13"
"28087","28","13"
"2800502","28","13"
"2800505","28","13"
"2800503","28","13"
"2800504","28","13"
"28082","28","13"
"28903","28","13"
"28096","28","13"
"28090","28","13"
"28045","28","13"
"28047","28","13"
"2816102","28","13"
"28110_AM","28","13"
"2816101","28","13"
"28068","28","13"
"28061","28","13"
"2800703","28","13"
"2800701","28","13"
"2800704","28","13"
"2807920","28","13"
"28073","28","13"
"2807921","28","13"
"28075","28","13"
"28072","28","13"
"28104","28","13"
"28100","28","13"
"28108","28","13"
"28066","28","13"
"2800601","28","13"
"2810601","28","13"
"2804903_AD","28","13"
"28052_AM","28","13"
"28044","28","13"
"28040","28","13"
"28043","28","13"
"28046","28","13"
"28041","28","13"
"28131","28","13"
"28018","28","13"
"28130","28","13"
"28132","28","13"
"28119_AM","28","13"
"2812701","28","13"
"28099_AM","28","13"
"28125_AM","28","13"
"2804902","28","13"
"2807909","28","13"
"28054","28","13"
"2807901","28","13"
"2807903","28","13"
"2807902","28","13"
"2806503","28","13"
"2806501","28","13"
"2806502","28","13"
"2807905","28","13"
"28059","28","13"
"2807907","28","13"
"2806504","28","13"
"28140_AM","28","13"
"28129","28","13"
"2814804","28","13"
"2814803","28","13"
"2807403","28","13"
"28145_AM","28","13"
"28031_AM","28","13"
"2800702","28","13"
"28023","28","13"
"2807911","28","13"
"2807917","28","13"
"2807918","28","13"
"2807919","28","13"
"28165_AM","28","13"
"2807913","28","13"
"28038_AM","28","13"
"2807914","28","13"
"2807915","28","13"
"2807910","28","13"
"28026","28","13"
"2807916","28","13"
"28022","28","13"
"2807912","28","13"
"28150","28","13"
"2809203","28","13"
"2804901","28","13"
"28152","28","13"
"2809202","28","13"
"28154","28","13"
"2809204","28","13"
"28067_AM","28","13"
"28141","28","13"
"2808002","28","13"
"2808001","28","13"
"28137_AM","28","13"
"28033","28","13"
"28053","28","13"
"2813401","28","13"
"28144","28","13"
"28149","28","13"
"2807906","28","13"
"2807904","28","13"
"28008_AM","28","13"
"2807908","28","13"
"28050_AM","28","13"
"28002","28","13"
"28009","28","13"
"28004","28","13"
"28027_AM","28","13"
"28177","28","13"
"28172","28","13"
"28171","28","13"
"28030_AM","28","13"
"28176","28","13"
"28010","28","13"
"28015","28","13"
"28014","28","13"
"28160","28","13"
"28167","28","13"
"2811502","28","13"
"2811501","28","13"
"28095_AM","28","13"
"2814802","28","13"
"2814801","28","13"
"28085_AM","28","13"
"2809201","28","13"
"32007_AM","32","12"
"32019","32","12"
"32063_AM","32","12"
"32004_AM","32","12"
"32075_AM","32","12"
"32069","32","12"
"32072_AM","32","12"
"32017_AM","32","12"
"3205402","32","12"
"3205401","32","12"
"3205403","32","12"
"3205405","32","12"
"3205404","32","12"
"32045_AM","32","12"
"32026_AM","32","12"
"32009","32","12"
"32043_AM","32","12"
"32067_AM","32","12"
"32056_AM","32","12"
"32085","32","12"
"32024","32","12"
"32051_AM","32","12"
"32042_AM","32","12"
"32086_AM","32","12"
"32013_AM","32","12"
"32091_AM","32","12"
"32076_AM","32","12"
"32058_AM","32","12"
"32020_AM","32","12"
"32001_AM","32","12"
"32008_AM","32","12"
"32050_AM","32","12"
"32032","32","12"
"34056_AM","34","07"
"34232_AM","34","07"
"34069_AM","34","07"
"34080","34","07"
"34199_AM","34","07"
"34083_AM","34","07"
"34017_AM","34","07"
"34157_AM","34","07"
"3412002","34","07"
"3412007","34","07"
"3412005","34","07"
"3412003","34","07"
"34004_AM","34","07"
"3412001","34","07"
"34023","34","07"
"34022_AM","34","07"
"34123_AM","34","07"
"34047_AM","34","07"
"34225","34","07"
"34079_AM","34","07"
"3412006","34","07"
"3412004","34","07"
"07058_AM","07","04"
"07060_AM","07","04"
"07064","07","04"
"07061","07","04"
"07003","07","04"
"07051","07","04"
"07050","07","04"
"07052","07","04"
"07059","07","04"
"07055","07","04"
"07056","07","04"
"07057","07","04"
"07054","07","04"
"07012_AM","07","04"
"07046","07","04"
"07048","07","04"
"07042","07","04"
"07044","07","04"
"07043","07","04"
"07033","07","04"
"07032","07","04"
"07031","07","04"
"07037","07","04"
"07039","07","04"
"07036","07","04"
"07065_AM","07","04"
"07020","07","04"
"07027","07","04"
"07022","07","04"
"07024","07","04"
"07029","07","04"
"07026","07","04"
"07010","07","04"
"07011","07","04"
"07013","07","04"
"07014","07","04"
"07016","07","04"
"07047_AM","07","04"
"07002","07","04"
"07005","07","04"
"07001","07","04"
"07004","07","04"
"07008","07","04"
"07006","07","04"
"07023_AM","07","04"
"0704005","07","04"
"0704004","07","04"
"0704001","07","04"
"0704002","07","04"
"0704003","07","04"
"07045_AM","07","04"
"07062","07","04"
"07015","07","04"
"07038_AM","07","04"
"07030_AM","07","04"
"17036_AM","17","09"
"17178_AM","17","09"
"17033","17","09"
"17034","17","09"
"1707901","17","09"
"1707903","17","09"
"17180_AM","17","09"
"1707906","17","09"
"1707902","17","09"
"17221","17","09"
"1707904_AD","17","09"
"17039_AM","17","09"
"17233_AM","17","09"
"17167_AM","17","09"
"17044","17","09"
"17056_AM","17","09"
"17016_AM","17","09"
"17193","17","09"
"17137_AM","17","09"
"17067_AM","17","09"
"17181","17","09"
"17111_AM","17","09"
"17160","17","09"
"17049_AM","17","09"
"17089","17","09"
"17185_AM","17","09"
"17146_AM","17","09"
"17155","17","09"
"17152","17","09"
"17032_AM","17","09"
"17092_AM","17","09"
"17199","17","09"
"17147","17","09"
"17141","17","09"
"17095","17","09"
"17094","17","09"
"17006_AM","17","09"
"17902_AM","17","09"
"17047","17","09"
"17048","17","09"
"17020_AM","17","09"
"17019_AM","17","09"
"17007_AM","17","09"
"17223_AM","17","09"
"17207_AM","17","09"
"17901_AM","17","09"
"17211_AM","17","09"
"17012_AM","17","09"
"17117","17","09"
"17202","17","09"
"17062","17","09"
"17114","17","09"
"17118","17","09"
"17066","17","09"
"17164_AM","17","09"
"17103","17","09"
"17163_AM","17","09"
"17213","17","09"
"17013_AM","17","09"
"17009","17","09"
"17132_AM","17","09"
"17086_AM","17","09"
"17186","17","09"
"17015","17","09"
"17008","17","09"
"17142_AM","17","09"
"17083_AM","17","09"
"17022","17","09"
"17023","17","09"
"24154_AM","24","07"
"2408910","24","07"
"24196_AM","24","07"
"24181_AM","24","07"
"24142","24","07"
"24092_AM","24","07"
"24134_AM","24","07"
"24034_AM","24","07"
"24163_AM","24","07"
"24083_AM","24","07"
"2408901","24","07"
"2411502","24","07"
"2411505","24","07"
"2411501","24","07"
"24139_AM","24","07"
"24015_AM","24","07"
"24065_AM","24","07"
"24209_AM","24","07"
"24030","24","07"
"24056_AM","24","07"
"2408906","24","07"
"2408905","24","07"
"2408903","24","07"
"2408907","24","07"
"24008","24","07"
"24148_AM","24","07"
"24170_AM","24","07"
"24014","24","07"
"24157_AM","24","07"
"24010","24","07"
"24169_AM","24","07"
"24175_AM","24","07"
"2411503_AD","24","07"
"24122_AM","24","07"
"24160_AM","24","07"
"2408908_AD","24","07"
"24223_AM","24","07"
"2408904","24","07"
"24094_AM","24","07"
"24021_AM","24","07"
"24039_AM","24","07"
"24202","24","07"
"24212_AM","24","07"
"2408902","24","07"
"24183_AM","24","07"
"24038_AM","24","07"
"24070_AM","24","07"
"24189","24","07"
"24188","24","07"
"24222","24","07"
"24088_AM","24","07"
"08251","08","09"
"08100_AM","08","09"
"08268_AM","08","09"
"08291","08","09"
"08183","08","09"
"0801904","08","09"
"08180","08","09"
"08054","08","09"
"0801906","08","09"
"0801907","08","09"
"08182","08","09"
"0801901","08","09"
"0801903","08","09"
"08181","08","09"
"0801905","08","09"
"0801902","08","09"
"0801908","08","09"
"0801909","08","09"
"08219","08","09"
"08068_AM","08","09"
"08266","08","09"
"08267","08","09"
"08260","08","09"
"08263","08","09"
"08115_AM","08","09"
"08067","08","09"
"08069","08","09"
"08089","08","09"
"08088","08","09"
"08086","08","09"
"08007","08","09"
"08001","08","09"
"08234_AM","08","09"
"08074","08","09"
"08077","08","09"
"08274","08","09"
"08270","08","09"
"08302","08","09"
"08072","08","09"
"08075","08","09"
"08076","08","09"
"08237_AM","08","09"
"08305","08","09"
"08278_AM","08","09"
"08014_AM","08","09"
"08273_AM","08","09"
"08155_AM","08","09"
"0818703","08","09"
"0818706","08","09"
"0818701","08","09"
"08295","08","09"
"08298","08","09"
"0818702","08","09"
"0818704","08","09"
"0818707","08","09"
"08244","08","09"
"0820006","08","09"
"0820005","08","09"
"0820003","08","09"
"08240","08","09"
"08162_AM","08","09"
"0820001","08","09"
"08248","08","09"
"0820004","08","09"
"0820002","08","09"
"0824505","08","09"
"0824501","08","09"
"08175_AM","08","09"
"0818404","08","09"
"0818403","08","09"
"0818401","08","09"
"0818402","08","09"
"08250","08","09"
"08215_AM","08","09"
"08259","08","09"
"08252","08","09"
"0811302","08","09"
"08031_AM","08","09"
"08017_AM","08","09"
"08051_AM","08","09"
"08098_AM","08","09"
"08091_AM","08","09"
"08221","08","09"
"08135","08","09"
"08136","08","09"
"0818705","08","09"
"08220_AM","08","09"
"08141","08","09"
"0811301_AD","08","09"
"08140","08","09"
"08047_AM","08","09"
"08286_AM","08","09"
"0827903_AD","08","09"
"08120","08","09"
"08126","08","09"
"08208_AM","08","09"
"08123","08","09"
"08238","08","09"
"08231","08","09"
"08235","08","09"
"08230","08","09"
"08269_AM","08","09"
"08284_AM","08","09"
"08902_AM","08","09"
"08904","08","09"
"0812101","08","09"
"08092_AM","08","09"
"0820504_AD","08","09"
"08264_AM","08","09"
"0807302","08","09"
"0807301","08","09"
"0807303","08","09"
"0807304","08","09"
"0807305","08","09"
"0807306","08","09"
"08204","08","09"
"08110","08","09"
"08112","08","09"
"08209","08","09"
"08202","08","09"
"0824506","08","09"
"08064_AM","08","09"
"08145_AM","08","09"
"08119","08","09"
"08044_AM","08","09"
"08122_AM","08","09"
"08163","08","09"
"0812105","08","09"
"08118","08","09"
"0812104","08","09"
"0812106","08","09"
"0812103","08","09"
"0812102","08","09"
"0824502","08","09"
"08037_AM","08","09"
"08053_AM","08","09"
"0824503","08","09"
"0824504","08","09"
"0820502","08","09"
"0820503","08","09"
"0820501","08","09"
"0820505","08","09"
"0801509","08","09"
"08211","08","09"
"08108","08","09"
"0801504","08","09"
"0801502","08","09"
"08102","08","09"
"0801503","08","09"
"0801506","08","09"
"08107","08","09"
"0801507","08","09"
"0801501","08","09"
"08105","08","09"
"08114","08","09"
"08300_AM","08","09"
"0816901","08","09"
"0816904","08","09"
"0805602","08","09"
"0816905","08","09"
"0816902","08","09"
"08210","08","09"
"0816903","08","09"
"0805605","08","09"
"08143_AM","08","09"
"08214","08","09"
"08218_AM","08","09"
"08213","08","09"
"08085_AM","08","09"
"0801508","08","09"
"08006","08","09"
"08003","08","09"
"08005","08","09"
"08009","08","09"
"08172","08","09"
"08217","08","09"
"0801505","08","09"
"08262_AM","08","09"
"0811304","08","09"
"0811305","08","09"
"08138","08","09"
"0809602","08","09"
"0809601","08","09"
"0809603","08","09"
"08106","08","09"
"0809604","08","09"
"08010_AM","08","09"
"08161","08","09"
"0801910","08","09"
"08167","08","09"
"0805604","08","09"
"0805601","08","09"
"0805603","08","09"
"08171_AM","08","09"
"08046","08","09"
"08281","08","09"
"08125","08","09"
"08227_AM","08","09"
"08159","08","09"
"08158","08","09"
"08022","08","09"
"08020","08","09"
"08023","08","09"
"08157","08","09"
"0830702","08","09"
"08018_AM","08","09"
"0830704","08","09"
"0830701","08","09"
"08156","08","09"
"0830703","08","09"
"0827905","08","09"
"0827902","08","09"
"0827901","08","09"
"0827904","08","09"
"0827906","08","09"
"08094_AM","08","09"
"08232_AM","08","09"
"08203_AM","08","09"
"08033","08","09"
"08147","08","09"
"08035","08","09"
"08030","08","09"
"08288_AM","08","09"
"0812401","08","09"
"0812403","08","09"
"0812402","08","09"
"08043_AM","08","09"
"08283","08","09"
"08285","08","09"
"08282","08","09"
"08029","08","09"
"08289","08","09"
"08041","08","09"
"08191","08","09"
"08196","08","09"
"08040","08","09"
"08198","08","09"
"08192","08","09"
"08194","08","09"
"08197","08","09"
"0810106","08","09"
"08233_AM","08","09"
"0810103","08","09"
"0810105","08","09"
"0810101","08","09"
"0810102","08","09"
"0810104","08","09"
"0830101","08","09"
"0830102","08","09"
"08016_AM","08","09"
"1507804","15","12"
"1507803","15","12"
"1507805","15","12"
"1507801","15","12"
"1507802","15","12"
"1507806","15","12"
"15046","15","12"
"15043","15","12"
"15048","15","12"
"15041","15","12"
"15009","15","12"
"15059","15","12"
"15902","15","12"
"15058","15","12"
"15054","15","12"
"15053","15","12"
"15051","15","12"
"15056","15","12"
"15064_AM","15","12"
"15057","15","12"
"1503010","15","12"
"15010_AM","15","12"
"1503603_AD","15","12"
"15029","15","12"
"15021","15","12"
"1503003","15","12"
"1503004","15","12"
"1503008","15","12"
"1503009","15","12"
"1503001","15","12"
"1503002","15","12"
"1503006","15","12"
"1503007","15","12"
"15024_AM","15","12"
"15074_AM","15","12"
"15037","15","12"
"15088_AM","15","12"
"15032_AM","15","12"
"15008","15","12"
"15004","15","12"
"15005","15","12"
"15002","15","12"
"15001","15","12"
"15077","15","12"
"1503005","15","12"
"15055_AM","15","12"
"15019","15","12"
"15017","15","12"
"15016","15","12"
"15013","15","12"
"15011","15","12"
"15065","15","12"
"1503606","15","12"
"15035_AM","15","12"
"15023_AM","15","12"
"15066","15","12"
"15062","15","12"
"15047_AM","15","12"
"15022_AM","15","12"
"15014_AM","15","12"
"15031","15","12"
"15006_AM","15","12"
"15020_AM","15","12"
"15069","15","12"
"15012_AM","15","12"
"15050_AM","15","12"
"15052_AM","15","12"
"15061_AM","15","12"
"15070_AM","15","12"
"15082","15","12"
"15089","15","12"
"15087","15","12"
"1503607","15","12"
"1503608","15","12"
"1503602","15","12"
"1503601","15","12"
"15068","15","12"
"15067","15","12"
"15060","15","12"
"15093","15","12"
"15092","15","12"
"15072","15","12"
"15073","15","12"
"15071","15","12"
"15075","15","12"
"2702804_AD","27","12"
"27041_AM","27","12"
"27050_AM","27","12"
"27018_AM","27","12"
"27016","27","12"
"27019","27","12"
"27015","27","12"
"27010","27","12"
"2702805","27","12"
"27058_AM","27","12"
"27032_AM","27","12"
"27020_AM","27","12"
"27048_AM","27","12"
"27031","27","12"
"27021_AM","27","12"
"27022","27","12"
"27014_AM","27","12"
"27040_AM","27","12"
"27042_AM","27","12"
"27051","27","12"
"27057","27","12"
"27902","27","12"
"2702802","27","12"
"27026_AM","27","12"
"27065","27","12"
"27066","27","12"
"27005_AM","27","12"
"2702806_AD","27","12"
"27044_AM","27","12"
"2702801_AD","27","12"
"27006_AM","27","12"
"27013_AM","27","12"
"27011_AM","27","12"
"27030_AM","27","12"
"27039_AM","27","12"
"05240_AM","05","07"
"05021_AM","05","07"
"05132_AM","05","07"
"05163_AM","05","07"
"05168_AM","05","07"
"05002_AM","05","07"
"0501901_AD","05","07"
"05186_AM","05","07"
"05242_AM","05","07"
"0501904","05","07"
"0501906","05","07"
"05204_AM","05","07"
"05014_AM","05","07"
"05057_AM","05","07"
"05047","05","07"
"05238_AM","05","07"
"05054_AM","05","07"
"05114_AM","05","07"
"0501905","05","07"
"05241_AM","05","07"
"05016","05","07"
"05220_AM","05","07"
"13093_AM","13","08"
"13044_AM","13","08"
"13052","13","08"
"13054","13","08"
"13056","13","08"
"13077_AM","13","08"
"13082","13","08"
"13061","13","08"
"13065_AM","13","08"
"13042_AM","13","08"
"13053_AM","13","08"
"13078","13","08"
"13079","13","08"
"13071","13","08"
"13028_AM","13","08"
"13087","13","08"
"13058","13","08"
"13096","13","08"
"13097_AM","13","08"
"13031_AM","13","08"
"13068_AM","13","08"
"13020_AM","13","08"
"13027_AM","13","08"
"13038_AM","13","08"
"13013_AM","13","08"
"13005","13","08"
"13089_AM","13","08"
"1303401_AD","13","08"
"13015","13","08"
"13011","13","08"
"13019","13","08"
"13064_AM","13","08"
"13023","13","08"
"13092_AM","13","08"
"13047","13","08"
"13063_AM","13","08"
"13039","13","08"
"13085_AM","13","08"
"1303402","13","08"
"1303403","13","08"
"1303404","13","08"
"46170_AM","46","10"
"46228_AM","46","10"
"46005","46","10"
"4624403","46","10"
"4624404","46","10"
"46147_AM","46","10"
"46135","46","10"
"46139","46","10"
"4622007","46","10"
"46019","46","10"
"46017","46","10"
"46014_AM","46","10"
"46007_AM","46","10"
"46060","46","10"
"4613107","46","10"
"4613105","46","10"
"4613102","46","10"
"4613106","46","10"
"4613104","46","10"
"46062","46","10"
"46118_AM","46","10"
"46205","46","10"
"46207","46","10"
"46202","46","10"
"46203_AM","46","10"
"46074_AM","46","10"
"46179_AM","46","10"
"4613101_AD","46","10"
"46022_AM","46","10"
"46078","46","10"
"46070","46","10"
"46156_AM","46","10"
"46072","46","10"
"46097_AM","46","10"
"46077","46","10"
"46216","46","10"
"46213","46","10"
"46051","46","10"
"46111_AM","46","10"
"46172_AM","46","10"
"46214_AM","46","10"
"46001_AM","46","10"
"46006_AM","46","10"
"46193","46","10"
"46044","46","10"
"46199","46","10"
"46190","46","10"
"46223","46","10"
"46200_AM","46","10"
"46157_AM","46","10"
"46183","46","10"
"46186","46","10"
"46255_AM","46","10"
"46054","46","10"
"46184","46","10"
"46237","46","10"
"46233","46","10"
"46230","46","10"
"46238","46","10"
"46235","46","10"
"4625005","46","10"
"46039_AM","46","10"
"46081","46","10"
"46083","46","10"
"46258_AM","46","10"
"46082","46","10"
"46173_AM","46","10"
"4624402","46","10"
"4624401","46","10"
"46261_AM","46","10"
"46218_AM","46","10"
"46094","46","10"
"46181_AM","46","10"
"4622006","46","10"
"46106_AM","46","10"
"46048_AM","46","10"
"46015","46","10"
"46013","46","10"
"46008_AM","46","10"
"46132_AM","46","10"
"46143_AM","46","10"
"46159","46","10"
"46127_AM","46","10"
"46211_AM","46","10"
"46134_AM","46","10"
"46160_AM","46","10"
"46145","46","10"
"4625014","46","10"
"4625019","46","10"
"4625012","46","10"
"46085","46","10"
"4625016","46","10"
"4625017","46","10"
"4625013","46","10"
"4625015","46","10"
"46191_AM","46","10"
"4625011","46","10"
"4625010","46","10"
"46093_AM","46","10"
"4622001_AD","46","10"
"4625018","46","10"
"46178","46","10"
"4625009","46","10"
"4625008","46","10"
"4625004","46","10"
"4625007","46","10"
"4625003","46","10"
"46171","46","10"
"4625002","46","10"
"4625006","46","10"
"4625001","46","10"
"46042_AM","46","10"
"46194","46","10"
"46166","46","10"
"46165","46","10"
"46169","46","10"
"46011_AM","46","10"
"46164","46","10"
"46016_AM","46","10"
"46903","46","10"
"46122_AM","46","10"
"46126","46","10"
"46098_AM","46","10"
"46020","46","10"
"46249","46","10"
"46116","46","10"
"46029","46","10"
"46110","46","10"
"46021","46","10"
"46248","46","10"
"46113_AM","46","10"
"46254_AM","46","10"
"46032","46","10"
"4622004_AD","46","10"
"46102","46","10"
"46257","46","10"
"46105","46","10"
"46256","46","10"
"46031","46","10"
"46177_AM","46","10"
"46109","46","10"
"46035","46","10"
"46204","46","10"
"46150_AM","46","10"
"46231_AM","46","10"
"12011_AM","12","10"
"12126","12","10"
"1204001_AD","12","10"
"12009","12","10"
"12004","12","10"
"12005","12","10"
"12138","12","10"
"12032","12","10"
"12104","12","10"
"12089","12","10"
"12080_AM","12","10"
"12021","12","10"
"12117","12","10"
"12077_AM","12","10"
"1213501","12","10"
"1213502","12","10"
"12031_AM","12","10"
"1213503","12","10"
"1213504","12","10"
"1204004","12","10"
"12140_AM","12","10"
"1204007","12","10"
"12901","12","10"
"12027","12","10"
"12028","12","10"
"12106_AM","12","10"
"12050_AM","12","10"
"12121_AM","12","10"
"12033_AM","12","10"
"12082_AM","12","10"
"12084","12","10"
"12129_AM","12","10"
"12085","12","10"
"1204008","12","10"
"12016_AM","12","10"
"12100_AM","12","10"
"12072_AM","12","10"
"12124_AM","12","10"
"1204005","12","10"
"1204006","12","10"
"12012_AM","12","10"
"1204003","12","10"
"1204009","12","10"
"45023_AM","45","08"
"45205","45","08"
"45201","45","08"
"45202","45","08"
"45066","45","08"
"45197_AM","45","08"
"45047_AM","45","08"
"4516806","45","08"
"4516801_AD","45","08"
"45087","45","08"
"45121_AM","45","08"
"45020_AM","45","08"
"45112_AM","45","08"
"45081","45","08"
"45101_AM","45","08"
"45040_AM","45","08"
"45109_AM","45","08"
"45145_AM","45","08"
"45016","45","08"
"45119_AM","45","08"
"45158_AM","45","08"
"45187_AM","45","08"
"45185","45","08"
"45084_AM","45","08"
"45064_AM","45","08"
"45002_AM","45","08"
"45118_AM","45","08"
"45203_AM","45","08"
"45133_AM","45","08"
"45054_AM","45","08"
"45014","45","08"
"45137_AM","45","08"
"45161","45","08"
"45163","45","08"
"45140_AM","45","08"
"45019","45","08"
"45173","45","08"
"45200_AM","45","08"
"4516501","45","08"
"4516504","45","08"
"4516502","45","08"
"4516503","45","08"
"45015_AM","45","08"
"45102_AM","45","08"
"45156_AM","45","08"
"4516805","45","08"
"4516807","45","08"
"45125_AM","45","08"
"45038","45","08"
"45142","45","08"
"45099_AM","45","08"
"45069_AM","45","08"
"45061_AM","45","08"
"45181_AM","45","08"
"45135_AM","45","08"
"45028","45","08"
"45132_AM","45","08"
"45052_AM","45","08"
"45199_AM","45","08"
"45115_AM","45","08"
"45045_AM","45","08"
"45122","45","08"
"45123","45","08"
"45031_AM","45","08"
"45053","45","08"
"45176","45","08"
"45098_AM","45","08"
"45071_AM","45","08"
"45124_AM","45","08"
"45136","45","08"
"45041","45","08"
"45106","45","08"
"45046_AM","45","08"
"45107","45","08"
"45157_AM","45","08"
"45037_AM","45","08"
"21014_AM","21","01"
"21006_AM","21","01"
"21007_AM","21","01"
"21023_AM","21","01"
"21061","21","01"
"21076_AM","21","01"
"21035_AM","21","01"
"2104104","21","01"
"2104107","21","01"
"21056_AM","21","01"
"2104106","21","01"
"2104102","21","01"
"2104105","21","01"
"2104101","21","01"
"2104108","21","01"
"21072","21","01"
"21070","21","01"
"21010_AM","21","01"
"21060","21","01"
"21064","21","01"
"21049_AM","21","01"
"21043_AM","21","01"
"21058_AM","21","01"
"21050","21","01"
"21055","21","01"
"21069_AM","21","01"
"21053_AM","21","01"
"2104103","21","01"
"21044","21","01"
"21042","21","01"
"21040_AM","21","01"
"21054","21","01"
"21008_AM","21","01"
"21025","21","01"
"21021","21","01"
"21052_AM","21","01"
"21029_AM","21","01"
"21013","21","01"
"21011","21","01"
"21002","21","01"
"21005","21","01"
"21074_AM","21","01"
"3003006","30","14"
"3003002","30","14"
"3003001","30","14"
"3003008","30","14"
"3003007","30","14"
"3003005","30","14"
"3003004","30","14"
"3001602","30","14"
"30014_AM","30","14"
"30039_AM","30","14"
"30010","30","14"
"30012","30","14"
"30018","30","14"
"30011","30","14"
"30013","30","14"
"30019","30","14"
"30015","30","14"
"30017","30","14"
"30009","30","14"
"30007","30","14"
"30005","30","14"
"30002","30","14"
"30008","30","14"
"30001","30","14"
"30029_AM","30","14"
"30037","30","14"
"30033","30","14"
"30035","30","14"
"30003","30","14"
"30036","30","14"
"30028","30","14"
"30022","30","14"
"30025","30","14"
"30021","30","14"
"30023","30","14"
"30020","30","14"
"30026","30","14"
"3001603","30","14"
"3001605","30","14"
"3001609","30","14"
"30902","30","14"
"30901","30","14"
"3001601","30","14"
"30043","30","14"
"30041","30","14"
"3001608","30","14"
"3001607","30","14"
"3001606","30","14"
"3001604","30","14"
"3002701","30","14"
"30042_AM","30","14"
"3002402","30","14"
"3002401","30","14"
"30038","30","14"
"3003003","30","14"
"3001610","30","14"
"25110","25","09"
"25007_AM","25","09"
"25193_AM","25","09"
"25048_AM","25","09"
"25058","25","09"
"25050","25","09"
"25243_AM","25","09"
"25173_AM","25","09"
"25040","25","09"
"25192_AM","25","09"
"25158_AM","25","09"
"25062_AM","25","09"
"25122_AM","25","09"
"25099_AM","25","09"
"25171_AM","25","09"
"25217","25","09"
"25033_AM","25","09"
"2512008_AD","25","09"
"25207","25","09"
"25203","25","09"
"25234","25","09"
"25204_AM","25","09"
"25189_AM","25","09"
"2512001","25","09"
"2512007","25","09"
"2512004","25","09"
"2512003","25","09"
"2512002","25","09"
"25223_AM","25","09"
"2512005","25","09"
"2512006","25","09"
"25228","25","09"
"25011_AM","25","09"
"25113_AM","25","09"
"25029_AM","25","09"
"25023","25","09"
"25038_AM","25","09"
"25209_AM","25","09"
"25012_AM","25","09"
"25019","25","09"
"25025_AM","25","09"
"25051_AM","25","09"
"25119_AM","25","09"
"25021_AM","25","09"
"25003","25","09"
"25008_AM","25","09"
"25072","25","09"
"25137","25","09"
"25172_AM","25","09"
"25240_AM","25","09"
"25034_AM","25","09"
"31157_AM","31","15"
"31250_AM","31","15"
"31084_AM","31","15"
"31908_AM","31","15"
"31122","31","15"
"31232","31","15"
"31907","31","15"
"31902","31","15"
"31901","31","15"
"31903","31","15"
"31906_AM","31","15"
"31019_AM","31","15"
"31067_AM","31","15"
"31260_AM","31","15"
"3120105","31","15"
"3120102","31","15"
"3120106","31","15"
"3120101","31","15"
"3120103","31","15"
"3120107","31","15"
"31215","31","15"
"31108_AM","31","15"
"31036_AM","31","15"
"31088","31","15"
"31169_AM","31","15"
"31216_AM","31","15"
"31042_AM","31","15"
"31904_AM","31","15"
"31016","31","15"
"31249_AM","31","15"
"31149_AM","31","15"
"31041_AM","31","15"
"31023","31","15"
"31072_AM","31","15"
"31905_AM","31","15"
"31015_AM","31","15"
"31163_AM","31","15"
"31138_AM","31","15"
"31050_AM","31","15"
"31078_AM","31","15"
"31206_AM","31","15"
"31104_AM","31","15"
"31038_AM","31","15"
"31086","31","15"
"31060","31","15"
"3120104","31","15"
"31070","31","15"
"31077","31","15"
"31098_AM","31","15"
"3120108","31","15"
"31097","31","15"
"31221_AM","31","15"
"31176_AM","31","15"
"31202","31","15"
"31251_AM","31","15"
"31191_AM","31","15"
"31165_AM","31","15"
"31258","31","15"
"31076_AM","31","15"
"31142_AM","31","15"
"31029_AM","31","15"
"31208_AM","31","15"
"31092_AM","31","15"
"31227","31","15"
"31010_AM","31","15"
"43129_AM","43","09"
"43051","43","09"
"43904_AM","43","09"
"4314805","43","09"
"43044","43","09"
"43047","43","09"
"43139_AM","43","09"
"43064_AM","43","09"
"4312309_AD","43","09"
"43145","43","09"
"43037","43","09"
"4314806","43","09"
"43094_AM","43","09"
"4314809","43","09"
"4314808","43","09"
"4314804","43","09"
"4314807","43","09"
"43156","43","09"
"43054_AM","43","09"
"43153","43","09"
"43155","43","09"
"43043_AM","43","09"
"43137_AM","43","09"
"43163","43","09"
"43161","43","09"
"43050_AM","43","09"
"43162","43","09"
"43042_AM","43","09"
"43005","43","09"
"43004","43","09"
"43171","43","09"
"43166_AM","43","09"
"43026_AM","43","09"
"43100","43","09"
"43019_AM","43","09"
"43038_AM","43","09"
"43905","43","09"
"4314801_AD","43","09"
"43060_AM","43","09"
"4312307","43","09"
"4312305","43","09"
"4312303","43","09"
"4312308","43","09"
"4312301","43","09"
"4312306","43","09"
"4312304","43","09"
"4312302","43","09"
"43907","43","09"
"43901_AM","43","09"
"43136","43","09"
"43108_AM","43","09"
"43009_AM","43","09"
"43028_AM","43","09"
"43906_AM","43","09"
"43052_AM","43","09"
"43140_AM","43","09"
"43090_AM","43","09"
"43126_AM","43","09"
"43016","43","09"
"43014","43","09"
"43012","43","09"
"43109_AM","43","09"
"43013","43","09"
"43092","43","09"
"43093","43","09"
"43128_AM","43","09"
"43055_AM","43","09"
"43086","43","09"
"43138_AM","43","09"
"43131","43","09"
"43133","43","09"
"43176_AM","43","09"
"47004_AM","47","07"
"47112_AM","47","07"
"4718608","47","07"
"4718604","47","07"
"4718606","47","07"
"4718605","47","07"
"4718603","47","07"
"4718607","47","07"
"4718609","47","07"
"4718612","47","07"
"47231","47","07"
"47010","47","07"
"47217_AM","47","07"
"47030_AM","47","07"
"47071_AM","47","07"
"47075","47","07"
"47076","47","07"
"47214_AM","47","07"
"47155_AM","47","07"
"47114","47","07"
"47052","47","07"
"47050","47","07"
"47175_AM","47","07"
"4718601","47","07"
"4718602","47","07"
"47086_AM","47","07"
"47101_AM","47","07"
"47007_AM","47","07"
"47173_AM","47","07"
"47129_AM","47","07"
"47197_AM","47","07"
"47139_AM","47","07"
"47165","47","07"
"47161","47","07"
"47023_AM","47","07"
"47085","47","07"
"47104_AM","47","07"
"47090_AM","47","07"
"4718610","47","07"
"4718611","47","07"
"09177_AM","09","07"
"09056","09","07"
"09194_AM","09","07"
"0905903","09","07"
"09109_AM","09","07"
"09048_AM","09","07"
"09903_AM","09","07"
"09219","09","07"
"09321_AM","09","07"
"09434_AM","09","07"
"0905906","09","07"
"0905905","09","07"
"0905908","09","07"
"0905909","09","07"
"0905907","09","07"
"0905901_AD","09","07"
"09330_AM","09","07"
"09413_AM","09","07"
"09907_AM","09","07"
"09410","09","07"
"09238_AM","09","07"
"09174_AM","09","07"
"09141_AM","09","07"
"09209_AM","09","07"
"09289_AM","09","07"
"09439_AM","09","07"
"09018","09","07"
"09073_AM","09","07"
"09211_AM","09","07"
"09350_AM","09","07"
"09363_AM","09","07"
"26026_AM","26","17"
"26036","26","17"
"26021_AM","26","17"
"26061_AM","26","17"
"2608903","26","17"
"2608902","26","17"
"2608904","26","17"
"2608905","26","17"
"26071_AM","26","17"
"26125_AM","26","17"
"26002_AM","26","17"
"26084","26","17"
"26059_AM","26","17"
"26047_AM","26","17"
"26117_AM","26","17"
"26138","26","17"
"26005_AM","26","17"
"26102","26","17"
"26011","26","17"
"26042_AM","26","17"
"26129_AM","26","17"
"26064_AM","26","17"
"2608901_AD","26","17"
"26168","26","17"
"26018","26","17"
"5029704","50","02"
"5029706","50","02"
"5029705","50","02"
"5029702","50","02"
"5029709","50","02"
"5029703","50","02"
"50095_AM","50","02"
"50252","50","02"
"50126_AM","50","02"
"50230_AM","50","02"
"50208_AM","50","02"
"50067","50","02"
"50038_AM","50","02"
"50094_AM","50","02"
"5029707","50","02"
"50272","50","02"
"50219","50","02"
"50018_AM","50","02"
"50025","50","02"
"50008_AM","50","02"
"50235_AM","50","02"
"5029701","50","02"
"50159_AM","50","02"
"50204_AM","50","02"
"50062_AM","50","02"
"50903_AM","50","02"
"50225_AM","50","02"
"50160_AM","50","02"
"50150_AM","50","02"
"50251_AM","50","02"
"50163_AM","50","02"
"50115","50","02"
"50099_AM","50","02"
"50055_AM","50","02"
"50298","50","02"
"50118_AM","50","02"
"50181_AM","50","02"
"50130_AM","50","02"
"50089_AM","50","02"
"50288","50","02"
"50240_AM","50","02"
"50222_AM","50","02"
"5029708","50","02"
"50074","50","02"
"5029711","50","02"
"5029710","50","02"
"50073_AM","50","02"
"50034_AM","50","02"
"5029712","50","02"
"50209_AM","50","02"
"50165_AM","50","02"
"50182","50","02"
"33070_AM","33","03"
"33076","33","03"
"33073","33","03"
"33059","33","03"
"3302409","33","03"
"3302406","33","03"
"33045","33","03"
"3302407","33","03"
"3302402","33","03"
"3302401","33","03"
"3302405","33","03"
"33049","33","03"
"3302408","33","03"
"3302404","33","03"
"33042","33","03"
"3302403","33","03"
"33041","33","03"
"33025","33","03"
"3304413_AD","33","03"
"33056","33","03"
"33051_AM","33","03"
"33072_AM","33","03"
"33015_AM","33","03"
"33023_AM","33","03"
"33007_AM","33","03"
"33026_AM","33","03"
"33020_AM","33","03"
"33074_AM","33","03"
"33032","33","03"
"3304408","33","03"
"3304403","33","03"
"33008_AM","33","03"
"33021","33","03"
"33038_AM","33","03"
"33035","33","03"
"33036","33","03"
"33037","33","03"
"33034","33","03"
"3304404","33","03"
"3304409","33","03"
"33033","33","03"
"3304401","33","03"
"3304402","33","03"
"3304407","33","03"
"33031","33","03"
"3304406","33","03"
"3304405","33","03"
"3300401","33","03"
"33019_AM","33","03"
"33040_AM","33","03"
"3304416","33","03"
"3304410","33","03"
"3304412","33","03"
"33011","33","03"
"33069_AM","33","03"
"33014","33","03"
"33016","33","03"
"33012","33","03"
"33001_AM","33","03"
"33002","33","03"
"33066","33","03"
"33060","33","03"
"3304415","33","03"
"3304411","33","03"
"36009_AM","36","12"
"36028","36","12"
"36023","36","12"
"36021","36","12"
"36024","36","12"
"36026","36","12"
"36029","36","12"
"36022","36","12"
"36047_AM","36","12"
"36006","36","12"
"3603804_AD","36","12"
"36017","36","12"
"36015","36","12"
"36034_AM","36","12"
"36004","36","12"
"36005","36","12"
"36008","36","12"
"3603805_AD","36","12"
"36032_AM","36","12"
"36056_AM","36","12"
"3605707","36","12"
"36901","36","12"
"3605706","36","12"
"3605705","36","12"
"3605701","36","12"
"3605704","36","12"
"3605703","36","12"
"36027","36","12"
"36030_AM","36","12"
"36003_AM","36","12"
"36902_AM","36","12"
"3605709","36","12"
"3605702","36","12"
"3605708","36","12"
"36061","36","12"
"36060","36","12"
"3603803","36","12"
"3603801","36","12"
"36052","36","12"
"36053","36","12"
"36044","36","12"
"36051","36","12"
"36050","36","12"
"36059","36","12"
"36058","36","12"
"36054","36","12"
"36055","36","12"
"36045","36","12"
"36041","36","12"
"36048","36","12"
"36018_AM","36","12"
"36049","36","12"
"36046","36","12"
"36042","36","12"
"36043","36","12"
"36035","36","12"
"36039","36","12"
"36033","36","12"
"3603802","36","12"
"36037_AM","36","12"
"03903_AM","03","10"
"03092_AM","03","10"
"0301405","03","10"
"03081_AM","03","10"
"0301401","03","10"
"0301404","03","10"
"0301407","03","10"
"0301406","03","10"
"0301403","03","10"
"0301408","03","10"
"03043_AM","03","10"
"03096","03","10"
"0313303","03","10"
"0313301","03","10"
"0313302","03","10"
"0312201","03","10"
"0312203","03","10"
"03053","03","10"
"0312202","03","10"
"0306601","03","10"
"03002_AM","03","10"
"0301402","03","10"
"03076","03","10"
"03071","03","10"
"03140","03","10"
"03028_AM","03","10"
"03024","03","10"
"03021","03","10"
"03109","03","10"
"0309902","03","10"
"03070_AM","03","10"
"0309903","03","10"
"03102","03","10"
"0309905","03","10"
"0309901","03","10"
"0309907","03","10"
"0309908","03","10"
"0309904","03","10"
"0309906","03","10"
"03058_AM","03","10"
"03018","03","10"
"03019","03","10"
"03902","03","10"
"03011","03","10"
"03015","03","10"
"03077_AM","03","10"
"03128_AM","03","10"
"03046_AM","03","10"
"03079","03","10"
"03101","03","10"
"03105","03","10"
"03107","03","10"
"03104","03","10"
"03123_AM","03","10"
"03138_AM","03","10"
"03035_AM","03","10"
"0306602_AD","03","10"
"03063","03","10"
"03069","03","10"
"03064","03","10"
"03121","03","10"
"03111","03","10"
"03118","03","10"
"0300908","03","10"
"03055","03","10"
"03059","03","10"
"03056","03","10"
"03050","03","10"
"03120","03","10"
"03097_AM","03","10"
"0306507","03","10"
"0306503","03","10"
"0306506","03","10"
"03041","03","10"
"03048","03","10"
"03049","03","10"
"03047","03","10"
"03113","03","10"
"03119","03","10"
"03139","03","10"
"03005_AM","03","10"
"0300905","03","10"
"0306505","03","10"
"0306501","03","10"
"0306502","03","10"
"0306504","03","10"
"0300906","03","10"
"0300903","03","10"
"0300907","03","10"
"0300902","03","10"
"0300904","03","10"
"0300901","03","10"
"03090","03","10"
"03093","03","10"
"03094","03","10"
"0303103","03","10"
"03095","03","10"
"0303104","03","10"
"0303102","03","10"
"0303101","03","10"
"0306605","03","10"
"0306604","03","10"
"03026_AM","03","10"
"03088","03","10"
"03089","03","10"
"03083","03","10"
"03082","03","10"
"03044_AM","03","10"
"41903","41","01"
"41055_AM","41","01"
"41068_AM","41","01"
"41902","41","01"
"4109502_AD","41","01"
"4109503","41","01"
"4109505","41","01"
"41084_AM","41","01"
"4109501","41","01"
"41065_AM","41","01"
"41074_AM","41","01"
"41094","41","01"
"41092","41","01"
"41093","41","01"
"41022","41","01"
"41086","41","01"
"41085","41","01"
"41087","41","01"
"41082","41","01"
"41081","41","01"
"41089","41","01"
"41021","41","01"
"4100401","41","01"
"4100403","41","01"
"41059","41","01"
"41050","41","01"
"41032_AM","41","01"
"41053","41","01"
"4103803","41","01"
"4103805","41","01"
"4103804","41","01"
"4103801","41","01"
"4103802","41","01"
"41076_AM","41","01"
"41045","41","01"
"41047","41","01"
"4100404_AD","41","01"
"41042","41","01"
"41040","41","01"
"41049","41","01"
"41044","41","01"
"41012_AM","41","01"
"41046_AM","41","01"
"41051_AM","41","01"
"41090_AM","41","01"
"41079","41","01"
"41077","41","01"
"41075","41","01"
"41070","41","01"
"41071","41","01"
"41033_AM","41","01"
"41072","41","01"
"41011_AM","41","01"
"41069","41","01"
"41060","41","01"
"41064","41","01"
"41080_AM","41","01"
"41018","41","01"
"41019","41","01"
"41010","41","01"
"41017","41","01"
"41016","41","01"
"41013","41","01"
"41015","41","01"
"41041_AM","41","01"
"41058","41","01"
"41007","41","01"
"4109110","41","01"
"4109111","41","01"
"41026_AM","41","01"
"41023","41","01"
"41024","41","01"
"41048_AM","41","01"
"41096_AM","41","01"
"41034","41","01"
"4109105","41","01"
"41102","41","01"
"4109106","41","01"
"4109107","41","01"
"4109108","41","01"
"4109103","41","01"
"4109109","41","01"
"4109101","41","01"
"41101","41","01"
"41039","41","01"
"4109104","41","01"
"4109102","41","01"
"41036_AM","41","01"
"41005","41","01"
"41067_AM","41","01"
"41098","41","01"
"41099","41","01"
"41020","41","01"
"41056_AM","41","01"
"41027","41","01"
"41029","41","01"
"11011_AM","11","01"
"1101206_AD","11","01"
"1102008_AD","11","01"
"1103104","11","01"
"1103101","11","01"
"1103106","11","01"
"1103105","11","01"
"1101503","11","01"
"1101502","11","01"
"1101505","11","01"
"1101210","11","01"
"1103203_AD","11","01"
"1101501","11","01"
"1101504","11","01"
"11023","11","01"
"11025","11","01"
"11029","11","01"
"1103205","11","01"
"1103201","11","01"
"1103202","11","01"
"11010_AM","11","01"
"1101202","11","01"
"1101204","11","01"
"1101203","11","01"
"1101205","11","01"
"1101209","11","01"
"1101208","11","01"
"11038","11","01"
"11037","11","01"
"11033","11","01"
"11035","11","01"
"11030","11","01"
"11039","11","01"
"11024_AM","11","01"
"11026_AM","11","01"
"11006","11","01"
"11007","11","01"
"11001","11","01"
"11008","11","01"
"11901","11","01"
"11002_AM","11","01"
"11014","11","01"
"11016","11","01"
"11028","11","01"
"1102206","11","01"
"11902_AM","11","01"
"1102204","11","01"
"1102207","11","01"
"1102205","11","01"
"1102202","11","01"
"1102203","11","01"
"11005_AM","11","01"
"11041","11","01"
"1102001","11","01"
"1102002","11","01"
"1102007","11","01"
"1102005","11","01"
"1102003","11","01"
"1102004","11","01"
"1102009","11","01"
"1102006","11","01"
"1101201","11","01"
"1100404","11","01"
"1100403","11","01"
"1100402","11","01"
"1100401","11","01"
"1102201","11","01"
"1102704","11","01"
"1102702","11","01"
"1102703","11","01"
"1102701","11","01"
"11021_AM","11","01"
"1103102_AD","11","01"
"14019","14","01"
"14057_AM","14","01"
"1402103","14","01"
"1402107","14","01"
"1402104","14","01"
"1402101","14","01"
"1402105","14","01"
"1402102","14","01"
"1402106","14","01"
"1402109","14","01"
"1402108","14","01"
"14007_AM","14","01"
"14023_AM","14","01"
"1402110","14","01"
"14012_AM","14","01"
"14058_AM","14","01"
"14055_AM","14","01"
"14022_AM","14","01"
"14066","14","01"
"14045_AM","14","01"
"14056","14","01"
"14052","14","01"
"14054","14","01"
"14005_AM","14","01"
"14073_AM","14","01"
"14042","14","01"
"14049","14","01"
"14046","14","01"
"14008_AM","14","01"
"14038","14","01"
"14035","14","01"
"14027","14","01"
"14067_AM","14","01"
"14043_AM","14","01"
"14013","14","01"
"14002","14","01"
"14069_AM","14","01"
"14060_AM","14","01"
"14039_AM","14","01"
"14017","14","01"
"14029_AM","14","01"
"14010_AM","14","01"
"14030_AM","14","01"
"14001_AM","14","01"
"14041_AM","14","01"
"14009_AM","14","01"
"14053_AM","14","01"
"37008","37","07"
"37172_AM","37","07"
"37046_AM","37","07"
"37294","37","07"
"37354_AM","37","07"
"37092_AM","37","07"
"37135_AM","37","07"
"37069_AM","37","07"
"37142_AM","37","07"
"37173_AM","37","07"
"37362","37","07"
"37174_AM","37","07"
"37374_AM","37","07"
"37067_AM","37","07"
"37376_AM","37","07"
"37246","37","07"
"37136_AM","37","07"
"3727406","37","07"
"3727404","37","07"
"3727403","37","07"
"3727402","37","07"
"3727401","37","07"
"37010_AM","37","07"
"37107","37","07"
"37170_AM","37","07"
"37085","37","07"
"37322_AM","37","07"
"3727405","37","07"
"37313_AM","37","07"
"37073_AM","37","07"
"37140_AM","37","07"
"37156","37","07"
"37014_AM","37","07"
"37103_AM","37","07"
"04049","04","01"
"04045_AM","04","01"
"04024_AM","04","01"
"0401306","04","01"
"0401305","04","01"
"0401303","04","01"
"0401307","04","01"
"0401304","04","01"
"0401308","04","01"
"04050_AM","04","01"
"04100","04","01"
"04099","04","01"
"04075","04","01"
"0407902","04","01"
"0407901","04","01"
"04062_AM","04","01"
"04088_AM","04","01"
"04052","04","01"
"04057_AM","04","01"
"04053","04","01"
"04017_AM","04","01"
"0490201","04","01"
"04066","04","01"
"04069","04","01"
"04064","04","01"
"04098_AM","04","01"
"04016_AM","04","01"
"04011_AM","04","01"
"04093_AM","04","01"
"04003","04","01"
"04006","04","01"
"04903","04","01"
"0401301_AD","04","01"
"04047_AM","04","01"
"04032","04","01"
"04070_AM","04","01"
"04038_AM","04","01"
"04092_AM","04","01"
"04101","04","01"
"04102","04","01"
"04029","04","01"
"04035","04","01"
"04031_AM","04","01"
"18119_AM","18","01"
"18056_AM","18","01"
"18147","18","01"
"1808703","18","01"
"1808709","18","01"
"1808701","18","01"
"1808707","18","01"
"18116_AM","18","01"
"1808702","18","01"
"1808706","18","01"
"18071_AM","18","01"
"18158","18","01"
"18194_AM","18","01"
"18153","18","01"
"18133_AM","18","01"
"18182_AM","18","01"
"18011_AM","18","01"
"18013_AM","18","01"
"18184_AM","18","01"
"18093","18","01"
"18098","18","01"
"18165","18","01"
"18029_AM","18","01"
"18099_AM","18","01"
"18084","18","01"
"18132_AM","18","01"
"18173","18","01"
"18089","18","01"
"18903_AM","18","01"
"18145","18","01"
"1808704_AD","18","01"
"18108_AM","18","01"
"18193","18","01"
"1814003","18","01"
"18149_AM","18","01"
"1814002","18","01"
"1814001","18","01"
"1814004","18","01"
"18138_AM","18","01"
"18036","18","01"
"18122_AM","18","01"
"18061_AM","18","01"
"18063_AM","18","01"
"18022","18","01"
"18021","18","01"
"18023","18","01"
"18014_AM","18","01"
"18175","18","01"
"18017","18","01"
"18105","18","01"
"18003","18","01"
"18006","18","01"
"18136_AM","18","01"
"18150","18","01"
"18101","18","01"
"18162_AM","18","01"
"18100","18","01"
"18066_AM","18","01"
"18907_AM","18","01"
"18152_AM","18","01"
"18094_AM","18","01"
"1814005_AD","18","01"
"18027_AM","18","01"
"18135_AM","18","01"
"18062","18","01"
"18088_AM","18","01"
"18164_AM","18","01"
"18057","18","01"
"18905","18","01"
"18127","18","01"
"18059","18","01"
"18079_AM","18","01"
"18911","18","01"
"18047","18","01"
"18102_AM","18","01"
"18134","18","01"
"2909401","29","01"
"2909403","29","01"
"29097_AM","29","01"
"29040_AM","29","01"
"2906707","29","01"
"29100_AM","29","01"
"2906702","29","01"
"2906701","29","01"
"2906708","29","01"
"2906706","29","01"
"2906703","29","01"
"29082_AM","29","01"
"2906704","29","01"
"29009_AM","29","01"
"29011_AM","29","01"
"29028_AM","29","01"
"2906710","29","01"
"2906711","29","01"
"2909404","29","01"
"29901","29","01"
"29076_AM","29","01"
"2905102","29","01"
"2905101","29","01"
"29073_AM","29","01"
"29046_AM","29","01"
"2906904","29","01"
"2906903","29","01"
"2906902","29","01"
"2906901","29","01"
"29089_AM","29","01"
"29045_AM","29","01"
"2909402_AD","29","01"
"29091","29","01"
"29075","29","01"
"29088_AM","29","01"
"29080","29","01"
"29068","29","01"
"29015_AM","29","01"
"29086_AM","29","01"
"29041","29","01"
"29042","29","01"
"2906709","29","01"
"29027_AM","29","01"
"2906705","29","01"
"29032","29","01"
"29038","29","01"
"2907001","29","01"
"29031_AM","29","01"
"29095_AM","29","01"
"29079_AM","29","01"
"2905103","29","01"
"29023","29","01"
"29002_AM","29","01"
"29049_AM","29","01"
"29039_AM","29","01"
"2905401","29","01"
"2905403","29","01"
"2905402","29","01"
"29017","29","01"
"29012","29","01"
"2902501","29","01"
"2902503","29","01"
"29084_AM","29","01"
"2902502","29","01"
"29072","29","01"
"29007","29","01"
"29008","29","01"
"29001","29","01"
"29005","29","01"
"16903_AM","16","08"
"16066_AM","16","08"
"16171_AM","16","08"
"16106_AM","16","08"
"16133","16","08"
"16134","16","08"
"16027_AM","16","08"
"16125_AM","16","08"
"16170_AM","16","08"
"16905_AM","16","08"
"16203","16","08"
"16117_AM","16","08"
"16191_AM","16","08"
"16175","16","08"
"1607801_AD","16","08"
"16042_AM","16","08"
"16154","16","08"
"1607804","16","08"
"16249_AM","16","08"
"16102_AM","16","08"
"16023_AM","16","08"
"16251_AM","16","08"
"16190","16","08"
"16124_AM","16","08"
"16113_AM","16","08"
"16112_AM","16","08"
"48096","48","16"
"48090","48","16"
"48095_AM","48","16"
"4802001","48","16"
"4802005","48","16"
"4802003","48","16"
"4802002","48","16"
"4802004","48","16"
"4802008","48","16"
"4802006","48","16"
"4802007","48","16"
"48094_AM","48","16"
"4804401","48","16"
"48046","48","16"
"48075_AM","48","16"
"48045_AM","48","16"
"4801302","48","16"
"4801301","48","16"
"4801304","48","16"
"48057","48","16"
"4801305","48","16"
"4801303","48","16"
"4801308","48","16"
"4801307","48","16"
"48054","48","16"
"48065_AM","48","16"
"48069","48","16"
"48089_AM","48","16"
"48074","48","16"
"48073","48","16"
"48022_AM","48","16"
"48002","48","16"
"48003","48","16"
"48026_AM","48","16"
"48011","48","16"
"48015","48","16"
"48017","48","16"
"48902","48","16"
"48901","48","16"
"48012_AM","48","16"
"48027","48","16"
"48029","48","16"
"48904_AM","48","16"
"48001_AM","48","16"
"48905_AM","48","16"
"48068_AM","48","16"
"48032","48","16"
"48034","48","16"
"48060_AM","48","16"
"4804403","48","16"
"48043","48","16"
"4804402","48","16"
"48071_AM","48","16"
"48906_AM","48","16"
"48086_AM","48","16"
"4801309","48","16"
"4801306","48","16"
"48019_AM","48","16"
"48016","48","16"
"48910_AM","48","16"
"48038_AM","48","16"
"48077_AM","48","16"
"48036","48","16"
"48018_AM","48","16"
"48078","48","16"
"48080","48","16"
"48085","48","16"
"48084","48","16"
"48083","48","16"
"48082","48","16"
"39080_AM","39","06"
"39008","39","06"
"39020_AM","39","06"
"39016","39","06"
"39012","39","06"
"39018","39","06"
"39047_AM","39","06"
"39061_AM","39","06"
"39037_AM","39","06"
"39025","39","06"
"39023","39","06"
"39028","39","06"
"39091_AM","39","06"
"39078_AM","39","06"
"39040","39","06"
"39042","39","06"
"39044","39","06"
"39059","39","06"
"39054","39","06"
"39052","39","06"
"39102_AM","39","06"
"39060","39","06"
"3907507","39","06"
"3907503","39","06"
"3907502","39","06"
"3907506","39","06"
"3907505","39","06"
"3907501","39","06"
"3907508","39","06"
"3908703","39","06"
"39073","39","06"
"39076","39","06"
"39043_AM","39","06"
"39079","39","06"
"39074","39","06"
"3907504","39","06"
"39027_AM","39","06"
"39085","39","06"
"39002_AM","39","06"
"39035","39","06"
"39026_AM","39","06"
"39082_AM","39","06"
"39094_AM","39","06"
"3908702_AD","39","06"
"39041_AM","39","06"
"39009_AM","39","06"
"39001_AM","39","06"
"39055_AM","39","06"
"39099_AM","39","06"
"39056_AM","39","06"
"3908701","39","06"
"3908704","39","06"
"40043_AM","40","07"
"40040_AM","40","07"
"40145_AM","40","07"
"40057_AM","40","07"
"40181","40","07"
"40155","40","07"
"40041_AM","40","07"
"4019403","40","07"
"4019407","40","07"
"40906_AM","40","07"
"4019404","40","07"
"4019406","40","07"
"40063","40","07"
"40076","40","07"
"40149_AM","40","07"
"40112_AM","40","07"
"40032_AM","40","07"
"40141_AM","40","07"
"40101_AM","40","07"
"40138_AM","40","07"
"40225_AM","40","07"
"4019405","40","07"
"4019401_AD","40","07"
"40170_AM","40","07"
"44158_AM","44","02"
"44153_AM","44","02"
"44068_AM","44","02"
"44014_AM","44","02"
"44050_AM","44","02"
"44059_AM","44","02"
"44216","44","02"
"44013","44","02"
"44025","44","02"
"44009_AM","44","02"
"44238_AM","44","02"
"44076_AM","44","02"
"44210_AM","44","02"
"44008_AM","44","02"
"44246_AM","44","02"
"44051_AM","44","02"
"44155_AM","44","02"
"01043_AM","01","16"
"01051","01","16"
"01901_AM","01","16"
"01063_AM","01","16"
"01010_AM","01","16"
"01001_AM","01","16"
"01031_AM","01","16"
"01047_AM","01","16"
"01058_AM","01","16"
"0105905","01","16"
"0105902","01","16"
"0105901","01","16"
"0105906","01","16"
"0105904","01","16"
"0105903","01","16"
"01002","01","16"
"01036","01","16"
"02037","02","08"
"02009","02","08"
"02086_AM","02","08"
"02012_AM","02","08"
"02010_AM","02","08"
"02008_AM","02","08"
"02021_AM","02","08"
"02030_AM","02","08"
"02074","02","08"
"0200301","02","08"
"02053_AM","02","08"
"0200303","02","08"
"02029_AM","02","08"
"02067_AM","02","08"
"02079_AM","02","08"
"02024_AM","02","08"
"02073_AM","02","08"
"02081","02","08"
"02025","02","08"
"02033_AM","02","08"
"0200307","02","08"
"0200304","02","08"
"0200308","02","08"
"0200306","02","08"
"0200302","02","08"
"0200305","02","08"
"02069_AM","02","08"
"02063_AM","02","08"
"02045_AM","02","08"
"42069_AM","42","07"
"42020","42","07"
"42095_AM","42","07"
"42173","42","07"
"42043_AM","42","07"
"42162_AM","42","07"
"42025_AM","42","07"
"42035_AM","42","07"
"42134_AM","42","07"
"42094_AM","42","07"
"3501901_AD","35","05"
"3502601_AD","35","05"
"3502203","35","05"
"35031","35","05"
"3501605","35","05"
"3501604","35","05"
"3501601","35","05"
"35001","35","05"
"35008","35","05"
"35002","35","05"
"3501603","35","05"
"3501602","35","05"
"35011","35","05"
"35012","35","05"
"35014","35","05"
"35015","35","05"
"35018","35","05"
"35010","35","05"
"35017","35","05"
"35013","35","05"
"35020","35","05"
"35029","35","05"
"35027","35","05"
"35028","35","05"
"35021","35","05"
"35023","35","05"
"3502602","35","05"
"3502604","35","05"
"3502603","35","05"
"3502606","35","05"
"35033","35","05"
"35034","35","05"
"35030","35","05"
"35024","35","05"
"35032_AM","35","05"
"3500401","35","05"
"3500402","35","05"
"35003_AM","35","05"
"3501904","35","05"
"3501903","35","05"
"3501902","35","05"
"35009","35","05"
"35006","35","05"
"20080","20","16"
"20061","20","16"
"20067","20","16"
"20064","20","16"
"20063","20","16"
"20005_AM","20","16"
"20034_AM","20","16"
"20072","20","16"
"20076","20","16"
"20073","20","16"
"20079","20","16"
"20075","20","16"
"20071","20","16"
"20022_AM","20","16"
"20074_AM","20","16"
"20042","20","16"
"20049","20","16"
"20040","20","16"
"20903","20","16"
"20902","20","16"
"20055","20","16"
"20051","20","16"
"20059","20","16"
"20053","20","16"
"20052_AM","20","16"
"20029","20","16"
"20030","20","16"
"20032","20","16"
"20036","20","16"
"2004504","20","16"
"2004501","20","16"
"2004502","20","16"
"2004503","20","16"
"2006904","20","16"
"2006902","20","16"
"2006903","20","16"
"2006905","20","16"
"2006906","20","16"
"20009","20","16"
"2006907","20","16"
"2006901","20","16"
"20013","20","16"
"20018","20","16"
"20019","20","16"
"20017","20","16"
"20081","20","16"
"20039_AM","20","16"
"20028_AM","20","16"
"20027_AM","20","16"
"20010_AM","20","16"
"20043_AM","20","16"
"20025_AM","20","16"
"20056_AM","20","16"
"20077_AM","20","16"
"4927501","49","07"
"4927502","49","07"
"4927505","49","07"
"4927504","49","07"
"49219_AM","49","07"
"4927503","49","07"
"49200_AM","49","07"
"49187_AM","49","07"
"49081_AM","49","07"
"49003_AM","49","07"
"49206_AM","49","07"
"49178_AM","49","07"
"49166_AM","49","07"
"49193_AM","49","07"
"49071_AM","49","07"
"49065_AM","49","07"
"49151_AM","49","07"
"49129_AM","49","07"
"49054_AM","49","07"
"49021","49","07"
"49250_AM","49","07"
"49127_AM","49","07"
"5100101","51","18"
"5100104","51","18"
"5100105","51","18"
"5100106","51","18"
"5100103","51","18"
"5100102","51","18"
"5200101_AD","52","19"
"5200104","52","19"
"5200108","52","19"
"5200107","52","19"
"5200105","52","19"
"5200102","52","19"
"5200106","52","19"
