X;Y;ArrivalTime [s];FlameHeight [m];FireIntensity [kw/m]
875160,0;-4248870,0;3144,217;5,37901;10070,356
875190,0;-4248870,0;3131,5776;5,492582;10538,319
875220,0;-4248870,0;3121,0764;5,490561;10529,89
875250,0;-4248870,0;3118,6282;5,6025224;11002,2705
875280,0;-4248870,0;3128,345;5,87125;12181,895
875310,0;-4248870,0;3144,5942;6,155606;13501,05
875070,0;-4248840,0;3128,3582;4,786479;7813,712
875100,0;-4248840,0;3090,581;5,0284667;8698,038
875130,0;-4248840,0;3065,0784;5,238221;9506,148
875160,0;-4248840,0;3054,7034;5,343473;9926,284
875190,0;-4248840,0;3044,7148;5,319608;9830,163
875220,0;-4248840,0;3032,535;5,3489223;9948,304
875250,0;-4248840,0;3032,592;5,444722;10339,717
875280,0;-4248840,0;3049,9934;5,5771413;10894,201
875310,0;-4248840,0;3072,3838;5,9854813;12703,027
875340,0;-4248840,0;3117,5923;6,08315;13157,964
875010,0;-4248810,0;3121,439;4,629147;7266,122
875040,0;-4248810,0;3062,5002;4,6206403;7237,1265
875070,0;-4248810,0;3022,822;4,8204904;7934,9165
875100,0;-4248810,0;2999,1196;5,1146283;9025,298
875130,0;-4248810,0;2987,7195;5,21624;9419,643
875160,0;-4248810,0;2977,4407;5,1462574;9147,072
875190,0;-4248810,0;2965,6458;5,060689;8819,661
875220,0;-4248810,0;2952,153;5,1047025;8987,266
875250,0;-4248810,0;2954,3333;5,160769;9203,237
875280,0;-4248810,0;2978,2805;5,2928534;9723,001
875310,0;-4248810,0;3012,2302;5,8047748;11884,051
875340,0;-4248810,0;3049,4194;6,0196176;12861,051
875370,0;-4248810,0;3122,9824;5,2260575;9458,226
874800,0;-4248780,0;3074,614;4,308257;6215,527
874830,0;-4248780,0;3079,9211;5,35788;9984,558
874860,0;-4248780,0;3120,343;5,4216113;10244,547
874890,0;-4248780,0;3141,47;5,4163113;10222,787
874920,0;-4248780,0;3141,5405;5,158167;9193,152
874950,0;-4248780,0;3116,26;4,8052764;7880,5737
874980,0;-4248780,0;3060,0498;4,723391;7591,5557
875010,0;-4248780,0;3014,8574;4,7375245;7641,025
875040,0;-4248780,0;2972,19;4,849016;8037,349
875070,0;-4248780,0;2938,176;5,161111;9204,562
875100,0;-4248780,0;2918,8433;5,314471;9809,534
875130,0;-4248780,0;2907,2053;5,1968727;9343,777
875160,0;-4248780,0;2893,0269;5,1488075;9156,929
875190,0;-4248780,0;2875,7737;5,16162;9206,535
875220,0;-4248780,0;2863,442;5,1523304;9170,555
875250,0;-4248780,0;2867,093;5,2555366;9574,594
875280,0;-4248780,0;2894,5369;5,3427815;9923,493
875310,0;-4248780,0;2943,2634;5,4186673;10232,456
875340,0;-4248780,0;2997,6162;5,666481;11277,148
875370,0;-4248780,0;3065,505;5,1496763;9160,287
874770,0;-4248750,0;3039,0476;4,376658;6432,054
874800,0;-4248750,0;2968,1719;6,689493;16176,869
874830,0;-4248750,0;3007,669;5,4440646;10337,002
874860,0;-4248750,0;3039,231;5,4195385;10236,033
874890,0;-4248750,0;3059,3857;5,517737;10643,52
874920,0;-4248750,0;3048,1572;5,374989;10053,998
874950,0;-4248750,0;3016,184;5,0490313;8775,554
874980,0;-4248750,0;2970,1099;4,8682017;8106,6406
875010,0;-4248750,0;2923,5315;4,890515;8187,633
875040,0;-4248750,0;2886,2295;5,0445795;8758,743
875070,0;-4248750,0;2858,6323;5,2609057;9595,869
875100,0;-4248750,0;2839,3154;5,266206;9616,897
875130,0;-4248750,0;2822,6401;5,2008467;9359,315
875160,0;-4248750,0;2803,5952;5,1503787;9163,004
875190,0;-4248750,0;2787,2036;5,137955;9115,022
875220,0;-4248750,0;2779,0703;5,181671;9284,463
875250,0;-4248750,0;2785,4148;5,6536684;11221,791
875280,0;-4248750,0;2815,7278;5,460357;10404,374
875310,0;-4248750,0;2870,543;5,204658;9374,233
875340,0;-4248750,0;2944,6167;5,1657763;9222,659
875370,0;-4248750,0;3024,8723;4,8855495;8169,572
875400,0;-4248750,0;3134,5962;4,526827;6921,5024
874770,0;-4248720,0;2986,4868;4,1341233;5682,3174
874800,0;-4248720,0;2916,6997;6,7469187;16480,283
874830,0;-4248720,0;2948,407;5,4352517;10300,658
874860,0;-4248720,0;2974,6519;5,3622227;10002,159
874890,0;-4248720,0;2987,2788;5,2593822;9589,83
874920,0;-4248720,0;2967,0762;5,0732174;8867,198
874950,0;-4248720,0;2924,3252;4,9224887;8304,448
874980,0;-4248720,0;2874,4153;4,8684826;8107,657
875010,0;-4248720,0;2833,0588;4,90754;8249,723
875040,0;-4248720,0;2802,833;5,028229;8697,147
875070,0;-4248720,0;2777,8923;5,0857325;8914,818
875100,0;-4248720,0;2755,9797;5,022856;8676,956
875130,0;-4248720,0;2732,6467;5,071796;8861,798
875160,0;-4248720,0;2710,21;5,1339164;9099,453
875190,0;-4248720,0;2697,5156;5,132734;9094,897
875220,0;-4248720,0;2698,4167;5,4326553;10289,966
875250,0;-4248720,0;2711,8176;6,019314;12859,641
875280,0;-4248720,0;2745,1128;5,598769;10986,252
875310,0;-4248720,0;2805,76;5,0944376;8948,026
875340,0;-4248720,0;2889,2253;4,7878523;7818,5874
875370,0;-4248720,0;2983,8872;4,648136;7331,0737
875400,0;-4248720,0;3089,525;4,510943;6868,814
874740,0;-4248690,0;3143,2944;2,389418;1725,5823
874770,0;-4248690,0;2933,4463;3,9646735;5188,148
874800,0;-4248690,0;2849,9126;6,740681;16447,18
874830,0;-4248690,0;2884,518;5,337981;9904,118
874860,0;-4248690,0;2906,412;5,312892;9803,202
874890,0;-4248690,0;2901,479;5,175184;9259,212
874920,0;-4248690,0;2868,889;5,046064;8764,349
874950,0;-4248690,0;2824,8267;5,012927;8639,711
874980,0;-4248690,0;2780,278;5,02395;8681,064
875010,0;-4248690,0;2743,2607;4,944692;8386,096
875040,0;-4248690,0;2713,3499;4,864718;8094,0347
875070,0;-4248690,0;2688,2092;4,855912;8062,2188
875100,0;-4248690,0;2663,3594;4,8584313;8071,3135
875130,0;-4248690,0;2636,8462;5,0183473;8660,033
875160,0;-4248690,0;2615,326;5,11758;9036,624
875190,0;-4248690,0;2612,6926;5,264147;9608,725
875220,0;-4248690,0;2624,9614;5,57247;10874,377
875250,0;-4248690,0;2646,003;6,027735;12898,784
875280,0;-4248690,0;2679,062;5,6678877;11283,237
875310,0;-4248690,0;2741,6333;4,957213;8432,327
875340,0;-4248690,0;2833,1123;4,5724974;7074,2056
875370,0;-4248690,0;2937,756;4,4668145;6723,578
875400,0;-4248690,0;3038,9875;4,4647064;6716,6807
874740,0;-4248660,0;3092,207;2,4165728;1768,4984
874770,0;-4248660,0;2872,4438;3,9950843;5275,0493
874800,0;-4248660,0;2785,0579;6,754153;16518,72
874830,0;-4248660,0;2818,9312;5,2394066;9510,826
874860,0;-4248660,0;2828,7297;5,3076534;9782,199
874890,0;-4248660,0;2810,2666;5,268258;9625,046
874920,0;-4248660,0;2772,7456;5,20236;9365,239
874950,0;-4248660,0;2729,0347;5,1877975;9308,343
874980,0;-4248660,0;2688,0364;4,99624;8577,312
875010,0;-4248660,0;2650,0164;4,8323317;7977,3516
875040,0;-4248660,0;2616,8074;4,8465815;8028,578
875070,0;-4248660,0;2589,8757;4,764946;7737,497
875100,0;-4248660,0;2563,6406;4,775383;7774,389
875130,0;-4248660,0;2539,3467;4,920714;8297,942
875160,0;-4248660,0;2524,582;5,067384;8845,047
875190,0;-4248660,0;2532,194;5,318798;9826,909
875220,0;-4248660,0;2553,321;5,526213;10679,097
875250,0;-4248660,0;2581,635;5,8190455;11947,653
875280,0;-4248660,0;2617,258;5,744118;11615,743
875310,0;-4248660,0;2676,329;4,9959154;8576,1
875340,0;-4248660,0;2774,0728;4,3306546;6285,9873
875370,0;-4248660,0;2886,7334;4,330012;6283,9595
875400,0;-4248660,0;2994,7854;4,4155693;6557,019
875430,0;-4248660,0;3109,4363;4,3757405;6429,1245
874740,0;-4248630,0;3040,2437;2,4003305;1742,7604
874770,0;-4248630,0;2817,3933;3,6745694;4398,161
874800,0;-4248630,0;2719,763;6,6330876;15881,81
874830,0;-4248630,0;2748,4326;5,0586367;8811,888
874860,0;-4248630,0;2743,3313;5,1424284;9132,282
874890,0;-4248630,0;2716,9512;5,1206503;9048,417
874920,0;-4248630,0;2677,6094;5,090591;8933,343
874950,0;-4248630,0;2635,4907;5,0472817;8768,946
874980,0;-4248630,0;2594,4795;4,926187;8318,02
875010,0;-4248630,0;2554,4263;4,8677464;8104,992
875040,0;-4248630,0;2518,9155;4,8693094;8110,65
875070,0;-4248630,0;2487,7295;4,7957535;7846,6626
875100,0;-4248630,0;2461,6086;4,791778;7832,531
875130,0;-4248630,0;2442,7224;4,8793316;8146,986
875160,0;-4248630,0;2437,8818;5,186022;9301,419
875190,0;-4248630,0;2452,6406;5,3689594;10029,495
875220,0;-4248630,0;2480,3374;5,588406;10942,096
875250,0;-4248630,0;2516,5186;5,6610966;11253,867
875280,0;-4248630,0;2558,173;5,724736;11530,706
875310,0;-4248630,0;2614,3389;5,1381564;9115,799
875340,0;-4248630,0;2711,8489;4,2434945;6014,2026
875370,0;-4248630,0;2830,2524;4,222412;5949,437
875400,0;-4248630,0;2945,8774;4,316754;6242,2065
875430,0;-4248630,0;3054,858;4,306688;6210,607
874740,0;-4248600,0;2994,039;2,4026458;1746,4169
874770,0;-4248600,0;2755,4253;3,594076;4191,4062
874800,0;-4248600,0;2652,2283;6,5071177;15233,427
874830,0;-4248600,0;2668,594;4,940969;8372,374
874860,0;-4248600,0;2650,2935;4,9504876;8407,478
874890,0;-4248600,0;2618,6606;4,977041;8505,819
874920,0;-4248600,0;2581,5203;5,0392284;8738,559
874950,0;-4248600,0;2542,035;4,9694905;8477,795
874980,0;-4248600,0;2500,9841;4,902349;8230,765
875010,0;-4248600,0;2458,842;4,8637;8090,353
875040,0;-4248600,0;2419,6118;4,834272;7984,315
875070,0;-4248600,0;2386,39;4,898014;8214,952
875100,0;-4248600,0;2361,276;4,9773273;8506,885
875130,0;-4248600,0;2348,8738;5,0647674;8835,122
875160,0;-4248600,0;2354,685;5,2935834;9725,913
875190,0;-4248600,0;2373,8281;5,504013;10586,057
875220,0;-4248600,0;2409,885;5,6666408;11277,839
875250,0;-4248600,0;2452,2168;5,5524216;10789,505
875280,0;-4248600,0;2500,624;5,559069;10817,607
875310,0;-4248600,0;2558,9548;5,2816777;9678,426
875340,0;-4248600,0;2650,9463;4,313013;6230,453
875370,0;-4248600,0;2771,6592;4,158763;5756,198
875400,0;-4248600,0;2892,6323;4,185981;5838,4087
875430,0;-4248600,0;3007,3005;4,2171855;5933,439
875460,0;-4248600,0;3135,8435;4,21875;5938,2256
874740,0;-4248570,0;2944,1296;2,4076526;1754,3378
874770,0;-4248570,0;2691,7358;3,4509468;3837,0063
874800,0;-4248570,0;2580,5103;6,30374;14217,347
874830,0;-4248570,0;2576,2634;4,822105;7940,6953
874860,0;-4248570,0;2550,076;4,7753377;7774,228
874890,0;-4248570,0;2521,7349;4,807164;7887,307
874920,0;-4248570,0;2488,7332;4,920092;8295,663
874950,0;-4248570,0;2449,5264;4,9145117;8275,221
874980,0;-4248570,0;2405,9287;4,849088;8037,6094
875010,0;-4248570,0;2358,861;4,834076;7983,612
875040,0;-4248570,0;2318,7834;4,84186;8011,5845
875070,0;-4248570,0;2287,8687;4,936104;8354,464
875100,0;-4248570,0;2265,6338;4,975264;8499,221
875130,0;-4248570,0;2260,3662;5,121155;9050,354
875160,0;-4248570,0;2273,3247;5,3006887;9754,315
875190,0;-4248570,0;2296,647;5,4902844;10528,736
875220,0;-4248570,0;2337,952;5,3148084;9810,89
875250,0;-4248570,0;2387,5166;5,3659;10017,075
875280,0;-4248570,0;2441,9111;5,3940554;10131,689
875310,0;-4248570,0;2505,7808;5,1688476;9234,585
875340,0;-4248570,0;2594,0437;4,5044236;6847,2524
875370,0;-4248570,0;2713,293;4,1883345;5845,5483
875400,0;-4248570,0;2833,4875;4,176932;5811,0073
875430,0;-4248570,0;2952,9663;4,1715474;5794,7354
875460,0;-4248570,0;3069,6145;4,1612997;5763,834
874740,0;-4248540,0;2892,6824;2,3924057;1730,2762
874770,0;-4248540,0;2623,6572;3,2403026;3346,032
874800,0;-4248540,0;2490,5425;6,0140386;12835,15
874830,0;-4248540,0;2468,1182;4,5683746;7060,347
874860,0;-4248540,0;2447,9648;4,6830373;7451,2666
874890,0;-4248540,0;2427,8645;4,7973747;7852,431
874920,0;-4248540,0;2397,3486;4,859976;8076,892
874950,0;-4248540,0;2354,2778;4,845689;8025,3643
874980,0;-4248540,0;2305,7039;4,8074207;7888,222
875010,0;-4248540,0;2257,3186;4,8939056;8199,979
875040,0;-4248540,0;2218,5881;4,859753;8076,0884
875070,0;-4248540,0;2190,7742;4,846191;8027,172
875100,0;-4248540,0;2170,9546;4,948804;8401,263
875130,0;-4248540,0;2171,1816;5,0859265;8915,558
875160,0;-4248540,0;2190,3582;5,2359314;9497,115
875190,0;-4248540,0;2215,4768;5,3452306;9933,384
875220,0;-4248540,0;2258,178;5,123821;9060,599
875250,0;-4248540,0;2317,6992;5,1698794;9238,594
875280,0;-4248540,0;2383,0134;5,320816;9835,015
875310,0;-4248540,0;2454,145;5,0921106;8939,142
875340,0;-4248540,0;2542,1792;4,628628;7264,35
875370,0;-4248540,0;2655,2417;4,277336;6118,9575
875400,0;-4248540,0;2775,728;4,2052255;5896,919
875430,0;-4248540,0;2894,6968;4,217628;5934,7925
875460,0;-4248540,0;3016,3633;4,1793365;5818,283
874740,0;-4248510,0;2840,8877;2,3663573;1689,5829
874770,0;-4248510,0;2554,8623;2,96194;2752,4998
874800,0;-4248510,0;2393,7527;5,2884016;9705,23
874830,0;-4248510,0;2338,8423;4,386105;6462,2744
874860,0;-4248510,0;2350,5554;4,890661;8188,1636
874890,0;-4248510,0;2337,2427;4,8617063;8083,1455
874920,0;-4248510,0;2303,6975;4,782286;7798,841
874950,0;-4248510,0;2254,3713;4,81374;7910,781
874980,0;-4248510,0;2202,5942;4,829807;7968,2925
875010,0;-4248510,0;2158,664;4,8662143;8099,4487
875040,0;-4248510,0;2124,4683;4,862711;8086,777
875070,0;-4248510,0;2097,112;5,0320053;8711,353
875100,0;-4248510,0;2080,6096;5,120748;9048,79
875130,0;-4248510,0;2082,7944;5,144375;9139,8
875160,0;-4248510,0;2105,5967;5,2556915;9575,206
875190,0;-4248510,0;2136,1045;5,2899847;9711,547
875220,0;-4248510,0;2175,8708;5,158971;9196,268
875250,0;-4248510,0;2241,7246;4,872926;8123,754
875280,0;-4248510,0;2321,1143;4,988929;8550,05
875310,0;-4248510,0;2402,9448;4,901194;8226,55
875340,0;-4248510,0;2493,8792;4,5750046;7082,64
875370,0;-4248510,0;2601,7341;4,337478;6307,5386
875400,0;-4248510,0;2719,068;4,222559;5949,886
875430,0;-4248510,0;2838,3708;4,1937804;5862,085
875460,0;-4248510,0;2966,1038;4,1718454;5795,635
875490,0;-4248510,0;3105,9663;4,0771513;5513,458
874740,0;-4248480,0;2792,8008;2,3218927;1621,3267
874770,0;-4248480,0;2488,275;2,7059672;2261,4817
874800,0;-4248480,0;2296,6392;4,3393826;6313,561
874830,0;-4248480,0;2214,8901;6,356311;14476,367
874860,0;-4248480,0;2258,9768;4,8474536;8031,7188
874890,0;-4248480,0;2245,6633;4,819788;7932,4023
874920,0;-4248480,0;2203,5002;4,7819037;7797,484
874950,0;-4248480,0;2150,5796;4,7973614;7852,384
874980,0;-4248480,0;2099,4626;4,7660394;7741,359
875010,0;-4248480,0;2061,3337;4,769523;7753,665
875040,0;-4248480,0;2032,9957;4,8929005;8196,317
875070,0;-4248480,0;2011,5852;5,0204296;8667,846
875100,0;-4248480,0;1993,2937;5,1138797;9022,427
875130,0;-4248480,0;1997,0322;5,3120995;9800,022
875160,0;-4248480,0;2023,9758;5,359648;9991,722
875190,0;-4248480,0;2060,0757;5,317073;9819,9795
875220,0;-4248480,0;2099,1904;5,2788014;9666,97
875250,0;-4248480,0;2162,988;4,7631445;7731,139
875280,0;-4248480,0;2252,9849;4,561099;7035,9253
875310,0;-4248480,0;2345,551;4,6878343;7467,871
875340,0;-4248480,0;2442,6802;4,476654;6755,8164
875370,0;-4248480,0;2549,9265;4,3013554;6193,9023
875400,0;-4248480,0;2663,5315;4,2714577;6100,691
875430,0;-4248480,0;2784,9722;4,1474037;5722,0737
875460,0;-4248480,0;2919,9312;4,003013;5297,8345
875490,0;-4248480,0;3062,0535;3,9675562;5196,3525
874710,0;-4248450,0;3148,1099;2,0817418;1278,7738
874740,0;-4248450,0;2747,0173;2,2764707;1553,1669
874770,0;-4248450,0;2428,79;2,5449076;1979,0516
874800,0;-4248450,0;2235,2834;4,037505;5397,574
874830,0;-4248450,0;2157,9868;6,3866625;14627,06
874860,0;-4248450,0;2180,2883;4,8184843;7927,7393
874890,0;-4248450,0;2151,7017;4,815491;7917,0386
874920,0;-4248450,0;2099,825;4,785277;7809,4478
874950,0;-4248450,0;2043,9254;4,7824945;7799,579
874980,0;-4248450,0;1996,1736;4,7365127;7637,4766
875010,0;-4248450,0;1962,8458;4,7573576;7710,7344
875040,0;-4248450,0;1939,164;4,826504;7956,4526
875070,0;-4248450,0;1919,8743;4,8220143;7940,371
875100,0;-4248450,0;1904,3737;5,0701456;8855,53
875130,0;-4248450,0;1916,6411;5,448043;10353,432
875160,0;-4248450,0;1948,4902;5,536635;10722,929
875190,0;-4248450,0;1988,4865;5,401423;10161,798
875220,0;-4248450,0;2030,363;5,4326563;10289,972
875250,0;-4248450,0;2087,5898;4,898977;8218,462
875280,0;-4248450,0;2176,9692;4,355472;6364,5625
875310,0;-4248450,0;2279,7156;4,4695044;6732,3813
875340,0;-4248450,0;2384,5327;4,4026575;6515,408
875370,0;-4248450,0;2494,8523;4,311545;6225,844
875400,0;-4248450,0;2608,2756;4,3207536;6254,7866
875430,0;-4248450,0;2731,5598;4,131131;5673,3804
875460,0;-4248450,0;2872,6987;3,9041922;5017,6323
875490,0;-4248450,0;3033,7664;3,7225525;4523,9707
874710,0;-4248420,0;3121,2422;2,0364728;1219,0927
874740,0;-4248420,0;2706,048;2,2402658;1499,9686
874770,0;-4248420,0;2375,259;2,518732;1935,0676
874800,0;-4248420,0;2177,4187;3,9715638;5207,7695
874830,0;-4248420,0;2085,1724;6,3556676;14473,182
874860,0;-4248420,0;2093,7812;4,7041163;7524,372
874890,0;-4248420,0;2052,4204;4,6808014;7443,535
874920,0;-4248420,0;1992,7126;4,673641;7418,8057
874950,0;-4248420,0;1934,0662;4,7456026;7669,376
874980,0;-4248420,0;1892,5161;4,744669;7666,097
875010,0;-4248420,0;1865,2703;4,8078427;7889,7275
875040,0;-4248420,0;1842,8229;4,860879;8080,155
875070,0;-4248420,0;1824,5919;4,953988;8420,407
875100,0;-4248420,0;1816,9105;5,264193;9608,909
875130,0;-4248420,0;1838,0579;5,4640813;10419,804
875160,0;-4248420,0;1876,154;5,388038;10107,136
875190,0;-4248420,0;1919,0675;5,2543697;9569,972
875220,0;-4248420,0;1965,489;5,3371983;9900,961
875250,0;-4248420,0;2021,5928;5,058115;8809,914
875280,0;-4248420,0;2103,2878;4,4237337;6583,404
875310,0;-4248420,0;2206,2886;4,294449;6172,3022
875340,0;-4248420,0;2320,5146;4,288273;6153,0205
875370,0;-4248420,0;2437,225;4,310321;6222,0015
875400,0;-4248420,0;2555,0488;4,3102293;6221,715
875430,0;-4248420,0;2684,354;4,1004267;5582,1123
875460,0;-4248420,0;2832,3652;3,855874;4883,6157
875490,0;-4248420,0;3019,0537;3,3902369;3691,777
874710,0;-4248390,0;3095,6199;1,9979795;1169,5537
874740,0;-4248390,0;2669,8345;2,2094672;1455,5015
874770,0;-4248390,0;2329,0037;2,404626;1749,5472
874800,0;-4248390,0;2121,3152;3,6862602;4428,637
874830,0;-4248390,0;2023,5912;6,151189;13479,999
874860,0;-4248390,0;2002,1859;4,4986424;6828,1616
874890,0;-4248390,0;1944,8278;4,4924436;6807,7236
874920,0;-4248390,0;1877,4022;4,535634;6950,8096
874950,0;-4248390,0;1826,5925;4,671796;7412,44
874980,0;-4248390,0;1792,9467;4,7409825;7653,155
875010,0;-4248390,0;1767,5674;4,789205;7823,39
875040,0;-4248390,0;1745,9325;4,819376;7930,929
875070,0;-4248390,0;1730,6937;4,933651;8345,442
875100,0;-4248390,0;1734,4174;5,2381215;9505,753
875130,0;-4248390,0;1758,2717;5,4124117;10206,794
875160,0;-4248390,0;1797,2485;5,041131;8745,733
875190,0;-4248390,0;1844,5134;4,9910216;8557,848
875220,0;-4248390,0;1895,104;5,123565;9059,618
875250,0;-4248390,0;1955,8573;4,987459;8544,573
875280,0;-4248390,0;2034,8334;4,5211177;6902,5386
875310,0;-4248390,0;2133,2087;4,2639694;6077,466
875340,0;-4248390,0;2251,3381;4,12624;5658,7866
875370,0;-4248390,0;2379,1047;4,194028;5862,837
875400,0;-4248390,0;2505,1455;4,2572913;6056,7925
875430,0;-4248390,0;2641,4316;4,000239;5289,8564
875460,0;-4248390,0;2803,7805;3,6440613;4319,166
875490,0;-4248390,0;3022,822;3,0440943;2921,1736
874710,0;-4248360,0;3069,1084;1,9913777;1161,1691
874740,0;-4248360,0;2636,8357;2,1441483;1363,58
874770,0;-4248360,0;2287,3826;2,4100535;1758,1432
874800,0;-4248360,0;2066,1118;3,3775704;3661,858
874830,0;-4248360,0;1944,5082;6,115042;13308,388
874860,0;-4248360,0;1901,4287;4,4145255;6553,6494
874890,0;-4248360,0;1827,2927;4,3778605;6435,8965
874920,0;-4248360,0;1760,1556;4,448943;6665,236
874950,0;-4248360,0;1719,8752;4,5971527;7157,3906
874980,0;-4248360,0;1690,6611;4,639505;7301,5127
875010,0;-4248360,0;1664,8895;4,641314;7307,7026
875040,0;-4248360,0;1641,0693;4,6669545;7395,75
875070,0;-4248360,0;1633,5603;4,803528;7874,3423
875100,0;-4248360,0;1648,0612;5,0701356;8855,491
875130,0;-4248360,0;1675,2173;5,203871;9371,151
875160,0;-4248360,0;1714,135;4,953816;8419,771
875190,0;-4248360,0;1761,7869;4,8907294;8188,414
875220,0;-4248360,0;1816,8389;4,9775014;8507,532
875250,0;-4248360,0;1884,901;4,85684;8065,569
875280,0;-4248360,0;1966,1273;4,5572314;7022,9624
875310,0;-4248360,0;2060,9512;4,337975;6309,1104
875340,0;-4248360,0;2176,4607;4,051366;5437,937
875370,0;-4248360,0;2316,1646;4,0229754;5355,437
875400,0;-4248360,0;2457,9421;4,1557465;5747,125
875430,0;-4248360,0;2605,1875;3,8600352;4895,0806
875460,0;-4248360,0;2791,9685;3,2776158;3430,361
875490,0;-4248360,0;3052,8152;2,83612;2504,6401
874710,0;-4248330,0;3051,0847;1,9433864;1101,1945
874740,0;-4248330,0;2608,5012;2,1247816;1336,9471
874770,0;-4248330,0;2252,2346;2,437361;1801,7375
874800,0;-4248330,0;2016,4907;3,0951068;3028,64
874830,0;-4248330,0;1863,9426;5,7577662;11675,823
874860,0;-4248330,0;1796,0706;4,198152;5875,3765
874890,0;-4248330,0;1699,1418;4,2828407;6136,09
874920,0;-4248330,0;1643,1572;4,508659;6861,2554
874950,0;-4248330,0;1613,729;4,634744;7285,2344
874980,0;-4248330,0;1586,1918;4,635498;7287,811
875010,0;-4248330,0;1556,7712;4,640416;7304,6304
875040,0;-4248330,0;1531,5284;4,7068405;7533,8477
875070,0;-4248330,0;1534,3229;4,8338346;7982,7456
875100,0;-4248330,0;1557,6846;4,9974585;8581,86
875130,0;-4248330,0;1589,1672;5,074033;8870,295
875160,0;-4248330,0;1628,168;4,9719815;8487,035
875190,0;-4248330,0;1676,0774;4,903849;8236,24
875220,0;-4248330,0;1736,4846;4,858218;8070,544
875250,0;-4248330,0;1810,6116;4,696838;7499,087
875280,0;-4248330,0;1896,3142;4,5492687;6996,3135
875310,0;-4248330,0;1990,637;4,4423532;6643,7915
875340,0;-4248330,0;2103,1758;4,048058;5428,2905
875370,0;-4248330,0;2249,1526;3,8608105;4897,2183
875400,0;-4248330,0;2413,907;3,9292529;5087,9126
875430,0;-4248330,0;2585,6194;3,5628386;4112,617
875460,0;-4248330,0;2805,235;3,0779;2992,156
875490,0;-4248330,0;3109,399;2,7371645;2318,5457
874710,0;-4248300,0;3037,1416;1,9420527;1099,5521
874740,0;-4248300,0;2581,6833;2,1567125;1381,0099
874770,0;-4248300,0;2227,1887;2,4328835;1794,55
874800,0;-4248300,0;1976,8451;2,8966475;2622,3
874830,0;-4248300,0;1783,9406;4,899217;8219,338
874860,0;-4248300,0;1667,2479;3,8298445;4812,2314
874890,0;-4248300,0;1557,4199;4,3352685;6300,5557
874920,0;-4248300,0;1538,4302;4,7229977;7590,1807
874950,0;-4248300,0;1513,9441;4,6707773;7408,926
874980,0;-4248300,0;1481,4882;4,6295996;7267,6665
875010,0;-4248300,0;1446,3077;4,631162;7273,0
875040,0;-4248300,0;1422,7577;4,7092566;7542,258
875070,0;-4248300,0;1435,8402;4,8254666;7952,7344
875100,0;-4248300,0;1464,8645;5,0203996;8667,732
875130,0;-4248300,0;1502,8163;5,0504956;8781,089
875160,0;-4248300,0;1544,0548;4,993949;8568,763
875190,0;-4248300,0;1592,5353;4,879954;8149,2446
875220,0;-4248300,0;1656,2357;4,7378564;7642,1875
875250,0;-4248300,0;1734,2244;4,5598726;7031,8135
875280,0;-4248300,0;1825,294;4,4737334;6746,238
875310,0;-4248300,0;1922,8723;4,4642463;6715,1772
875340,0;-4248300,0;2037,3141;4,0738473;5503,75
875370,0;-4248300,0;2185,4175;3,7508733;4599,1265
875400,0;-4248300,0;2374,5464;3,5802236;4156,3677
875430,0;-4248300,0;2589,25;3,2487502;3365,0242
875460,0;-4248300,0;2835,5164;2,9085176;2645,7173
874710,0;-4248270,0;3028,7546;1,9287589;1083,2555
874740,0;-4248270,0;2563,368;2,127769;1341,037
874770,0;-4248270,0;2209,8477;2,4122536;1761,634
874800,0;-4248270,0;1946,0999;2,7445438;2332,1553
874830,0;-4248270,0;1719,0413;3,3246558;3538,2896
874860,0;-4248270,0;1525,0024;4,3839383;6455,3374
874890,0;-4248270,0;1444,5791;6,553919;15472,617
874920,0;-4248270,0;1446,3784;4,877496;8140,3228
874950,0;-4248270,0;1415,293;4,7178473;7572,1987
874980,0;-4248270,0;1370,7827;4,617337;7225,884
875010,0;-4248270,0;1329,8575;4,6175165;7226,4946
875040,0;-4248270,0;1309,6823;4,654594;7353,2344
875070,0;-4248270,0;1331,908;4,716374;7567,06
875100,0;-4248270,0;1368,1567;4,8567557;8065,2627
875130,0;-4248270,0;1413,9989;4,8430953;8016,029
875160,0;-4248270,0;1459,6228;4,854893;8058,5405
875190,0;-4248270,0;1509,8904;4,7943525;7841,6807
875220,0;-4248270,0;1572,7681;4,604211;7181,3022
875250,0;-4248270,0;1653,9384;4,478053;6760,407
875280,0;-4248270,0;1750,1848;4,429169;6601,0015
875310,0;-4248270,0;1858,8696;4,3976717;6499,3784
875340,0;-4248270,0;1979,6394;4,0718346;5497,8413
875370,0;-4248270,0;2133,6147;3,6229258;4264,892
875400,0;-4248270,0;2348,3992;3,249967;3367,765
875430,0;-4248270,0;2607,442;3,05799;2950,239
875460,0;-4248270,0;2886,5173;2,8082151;2451,3772
874710,0;-4248240,0;3032,9675;1,9647229;1127,6466
874740,0;-4248240,0;2562,4485;2,1870377;1423,5719
874770,0;-4248240,0;2197,421;2,3830473;1715,5961
874800,0;-4248240,0;1920,0458;2,6660466;2189,5803
874830,0;-4248240,0;1675,0345;2,9897633;2809,0178
874860,0;-4248240,0;1472,1566;3,8929985;4986,4106
874890,0;-4248240,0;1375,1611;6,618363;15805,266
874920,0;-4248240,0;1359,3123;4,8339157;7983,0366
874950,0;-4248240,0;1308,7755;4,6884413;7469,9727
874980,0;-4248240,0;1248,6194;4,5938244;7146,1313
875010,0;-4248240,0;1207,0819;4,5620747;7039,1978
875040,0;-4248240,0;1194,9938;4,5703335;7066,929
875070,0;-4248240,0;1219,401;4,6049004;7183,6406
875100,0;-4248240,0;1259,9824;4,6102757;7201,883
875130,0;-4248240,0;1311,803;4,547478;6990,328
875160,0;-4248240,0;1366,5953;4,63846;7297,9385
875190,0;-4248240,0;1419,644;4,7029233;7520,2236
875220,0;-4248240,0;1483,2632;4,4722605;6741,4097
875250,0;-4248240,0;1567,2601;4,322422;6260,038
875280,0;-4248240,0;1672,5673;4,228316;5967,5347
875310,0;-4248240,0;1796,1042;4,176146;5808,631
875340,0;-4248240,0;1931,4932;3,9829721;5240,3447
875370,0;-4248240,0;2095,8423;3,434262;3796,791
875400,0;-4248240,0;2336,4226;2,9922523;2814,1042
875430,0;-4248240,0;2642,6453;2,899031;2626,9932
875460,0;-4248240,0;2954,532;2,748342;2339,1775
874710,0;-4248210,0;3045,06;2,0276067;1207,5842
874740,0;-4248210,0;2575,9412;2,2441683;1505,6549
874770,0;-4248210,0;2192,2935;2,3417857;1651,6758
874800,0;-4248210,0;1897,9648;2,5688634;2019,7743
874830,0;-4248210,0;1640,8247;2,90469;2638,1536
874860,0;-4248210,0;1421,7262;3,568664;4127,2495
874890,0;-4248210,0;1299,1354;6,149438;13471,659
874920,0;-4248210,0;1263,51;4,4617505;6707,018
874950,0;-4248210,0;1191,2848;4,430779;6606,2188
874980,0;-4248210,0;1120,9843;4,440126;6636,5522
875010,0;-4248210,0;1083,1296;4,4282823;6598,129
875040,0;-4248210,0;1079,2664;4,4389143;6632,6157
875070,0;-4248210,0;1104,1576;4,6010137;7170,465
875100,0;-4248210,0;1144,8552;4,5505967;7000,754
875130,0;-4248210,0;1200,8854;4,4799137;6766,515
875160,0;-4248210,0;1263,287;4,585484;7117,9565
875190,0;-4248210,0;1322,9434;4,7447906;7666,5234
875220,0;-4248210,0;1388,9749;4,578571;7094,648
875250,0;-4248210,0;1476,8152;4,315793;6239,187
875280,0;-4248210,0;1589,0756;4,1386166;5695,7515
875310,0;-4248210,0;1729,567;3,9856875;5248,1147
875340,0;-4248210,0;1888,8928;3,766923;4642,015
875370,0;-4248210,0;2080,8738;3,2815146;3439,238
875400,0;-4248210,0;2347,7996;2,8919258;2613,0168
875430,0;-4248210,0;2682,1123;2,6882875;2229,4836
875460,0;-4248210,0;3034,7556;2,5860732;2049,3057
874710,0;-4248180,0;3053,3208;2,086185;1284,7148
874740,0;-4248180,0;2605,4668;2,2246556;1477,3402
874770,0;-4248180,0;2197,4531;2,275139;1551,1925
874800,0;-4248180,0;1878,4661;2,6184492;2105,4895
874830,0;-4248180,0;1606,3473;2,8101401;2455,0312
874860,0;-4248180,0;1370,4354;3,2322001;3327,8696
874890,0;-4248180,0;1220,5807;5,461768;10410,218
874920,0;-4248180,0;1157,0237;4,0767117;5512,1655
874950,0;-4248180,0;1057,6227;4,1432858;5709,7305
874980,0;-4248180,0;983,9381;4,1877894;5843,895
875010,0;-4248180,0;958,8014;4,3733687;6421,551
875040,0;-4248180,0;956,4472;4,4347973;6619,2495
875070,0;-4248180,0;986,53314;4,592058;7140,1597
875100,0;-4248180,0;1032,4844;4,520154;6899,341
875130,0;-4248180,0;1090,5765;4,477823;6759,651
875160,0;-4248180,0;1159,5161;4,5660853;7052,6577
875190,0;-4248180,0;1232,1598;4,7721586;7762,982
875220,0;-4248180,0;1302,8234;4,8017683;7868,0728
875250,0;-4248180,0;1392,8545;4,4414916;6640,9897
875280,0;-4248180,0;1513,8331;4,097258;5572,7383
875310,0;-4248180,0;1668,9349;3,8028717;4738,8594
875340,0;-4248180,0;1854,6565;3,4830031;3914,912
875370,0;-4248180,0;2079,1982;3,0737233;2983,3364
875400,0;-4248180,0;2375,6433;2,7786167;2395,5562
875430,0;-4248180,0;2738,9702;2,5640993;2011,64
875460,0;-4248180,0;3150,041;2,4393961;1805,0098
874710,0;-4248150,0;3065,8965;2,144338;1363,8419
874740,0;-4248150,0;2640,8767;2,1974592;1438,3597
874770,0;-4248150,0;2213,215;2,1849778;1420,6587
874800,0;-4248150,0;1858,9331;2,495289;1896,1278
874830,0;-4248150,0;1570,6692;2,73199;2309,027
874860,0;-4248150,0;1317,4683;2,998337;2826,5593
874890,0;-4248150,0;1139,1152;4,658633;7367,1133
874920,0;-4248150,0;1024,1709;3,6850393;4425,4487
874950,0;-4248150,0;900,9072;3,9328868;5098,1475
874980,0;-4248150,0;841,13525;4,1813197;5824,286
875010,0;-4248150,0;838,0443;4,3334026;6294,6616
875040,0;-4248150,0;827,38245;4,372682;6419,3584
875070,0;-4248150,0;866,56525;4,492992;6809,531
875100,0;-4248150,0;912,5805;4,4264426;6592,172
875130,0;-4248150,0;975,9706;4,380678;6444,9053
875160,0;-4248150,0;1056,1218;4,441388;6640,6533
875190,0;-4248150,0;1142,4058;4,556726;7021,2695
875220,0;-4248150,0;1229,2911;4,7648926;7737,31
875250,0;-4248150,0;1322,9277;4,4566007;6690,2
875280,0;-4248150,0;1454,9591;3,92372;5072,35
875310,0;-4248150,0;1625,4452;3,592514;4187,448
875340,0;-4248150,0;1834,7341;3,2600114;3390,4329
875370,0;-4248150,0;2091,5554;2,884593;2598,6345
875400,0;-4248150,0;2419,186;2,6526024;2165,6482
875430,0;-4248150,0;2815,8586;2,4389884;1804,3541
874710,0;-4248120,0;3089,148;2,1370456;1353,7794
874740,0;-4248120,0;2676,851;2,1555214;1379,3524
874770,0;-4248120,0;2236,8547;2,0955987;1297,3507
874800,0;-4248120,0;1845,1495;2,3452904;1657,0543
874830,0;-4248120,0;1533,0363;2,6557746;2171,282
874860,0;-4248120,0;1266,4233;2,834831;2502,1665
874890,0;-4248120,0;1057,966;3,4013538;3718,1443
874920,0;-4248120,0;896,04144;4,2591667;6062,594
874950,0;-4248120,0;792,46906;5,061732;8823,614
874980,0;-4248120,0;739,1264;5,91308;12371,358
875010,0;-4248120,0;715,094;4,30667;6210,551
875040,0;-4248120,0;684,374;4,389376;6472,757
875070,0;-4248120,0;742,44617;4,542022;6972,108
875100,0;-4248120,0;796,4572;4,5307074;6934,406
875130,0;-4248120,0;860,40076;4,379392;6440,7935
875160,0;-4248120,0;945,92993;4,2580748;6059,2153
875190,0;-4248120,0;1051,0275;4,241283;6007,3906
875220,0;-4248120,0;1156,7189;4,476836;6756,414
875250,0;-4248120,0;1263,0602;4,2851644;6143,3296
875280,0;-4248120,0;1406,6157;3,6466496;4325,838
875310,0;-4248120,0;1594,1123;3,3942304;3701,2368
875340,0;-4248120,0;1834,596;3,0402954;2913,254
875370,0;-4248120,0;2126,745;2,8008127;2437,3513
875400,0;-4248120,0;2479,924;2,532786;1958,6166
875430,0;-4248120,0;2909,6091;2,3303213;1634,1481
874710,0;-4248090,0;3116,4949;2,1485748;1369,707
874740,0;-4248090,0;2709,6301;2,1269777;1339,9531
874770,0;-4248090,0;2263,1318;2,043575;1228,3544
874800,0;-4248090,0;1841,7562;2,2282429;1482,5239
874830,0;-4248090,0;1501,4287;2,5539582;1994,384
874860,0;-4248090,0;1218,5835;2,7373726;2318,9285
874890,0;-4248090,0;995,285;3,032028;2896,0596
874920,0;-4248090,0;837,9193;3,697469;4457,9644
874950,0;-4248090,0;740,49054;4,500179;6833,232
874980,0;-4248090,0;676,9257;5,167648;9229,927
875010,0;-4248090,0;631,17474;6,2553554;13981,187
875040,0;-4248090,0;602,88513;6,9586973;17625,6
875070,0;-4248090,0;637,2123;4,625943;7255,194
875100,0;-4248090,0;680,52155;4,6714807;7411,3525
875130,0;-4248090,0;754,17163;4,4369164;6626,1274
875160,0;-4248090,0;842,0189;4,181583;5825,0835
875190,0;-4248090,0;954,7369;4,062631;5470,8623
875220,0;-4248090,0;1081,2931;4,2233286;5952,2446
875250,0;-4248090,0;1207,2772;4,1357923;5687,3047
875280,0;-4248090,0;1362,6573;3,515632;3995,0789
875310,0;-4248090,0;1573,457;3,1857543;3224,7878
875340,0;-4248090,0;1849,5834;2,8653855;2561,166
875370,0;-4248090,0;2178,1545;2,6521745;2164,889
875400,0;-4248090,0;2570,0364;2,444563;1813,3313
875430,0;-4248090,0;3020,712;2,2993639;1587,3223
874710,0;-4248060,0;3141,4531;2,1632147;1390,077
874740,0;-4248060,0;2738,3484;2,1226163;1333,9873
874770,0;-4248060,0;2290,1138;2,022591;1201,0997
874800,0;-4248060,0;1844,062;2,142735;1361,6268
874830,0;-4248060,0;1472,8287;2,4333541;1795,305
874860,0;-4248060,0;1171,155;2,6610668;2180,6992
874890,0;-4248060,0;941,7812;3,0063422;2842,9905
874920,0;-4248060,0;786,361;3,62758;4276,812
874950,0;-4248060,0;689,137;4,3717494;6416,383
874980,0;-4248060,0;626,92444;4,935598;8352,602
875010,0;-4248060,0;583,28284;5,4410095;10324,3955
875040,0;-4248060,0;556,88214;6,587224;15644,055
875070,0;-4248060,0;556,10724;4,5271583;6922,6025
875100,0;-4248060,0;571,32214;4,72538;7598,5073
875130,0;-4248060,0;645,75195;4,5714445;7070,6655
875160,0;-4248060,0;746,605;4,257405;6057,144
875190,0;-4248060,0;862,4729;3,996408;5278,8496
875220,0;-4248060,0;1003,0262;3,9539802;5157,777
875250,0;-4248060,0;1155,7747;3,9365518;5108,4814
875280,0;-4248060,0;1326,3939;3,4364088;3801,9531
875310,0;-4248060,0;1564,1931;2,982569;2794,3445
875340,0;-4248060,0;1876,3942;2,7012727;2252,9614
875370,0;-4248060,0;2255,2173;2,4722128;1858,2147
875400,0;-4248060,0;2687,5217;2,3783762;1708,2943
874740,0;-4248030,0;2767,4944;2,118984;1329,0295
874770,0;-4248030,0;2316,7737;2,0036454;1176,7759
874800,0;-4248030,0;1849,7241;2,0548184;1243,0931
874830,0;-4248030,0;1446,669;2,3395638;1648,2711
874860,0;-4248030,0;1125,1819;2,5583296;2001,8125
874890,0;-4248030,0;889,67316;2,9640205;2756,7043
874920,0;-4248030,0;733,97876;3,6177087;4251,552
874950,0;-4248030,0;639,83563;4,384186;6456,1284
874980,0;-4248030,0;580,13196;4,991479;8559,554
875010,0;-4248030,0;538,2095;5,568156;10856,082
875040,0;-4248030,0;511,03137;6,1900854;13665,991
875070,0;-4248030,0;494,57343;7,132779;18598,236
875100,0;-4248030,0;499,6056;7,258709;19319,453
875130,0;-4248030,0;556,1927;4,382825;6451,773
875160,0;-4248030,0;656,6788;4,299218;6187,214
875190,0;-4248030,0;776,85803;3,9941728;5272,433
875220,0;-4248030,0;925,84564;3,6919496;4443,51
875250,0;-4248030,0;1107,5731;3,6327097;4289,97
875280,0;-4248030,0;1307,3638;3,2184129;3297,0876
875310,0;-4248030,0;1571,6943;2,8109148;2456,5027
875340,0;-4248030,0;1925,9537;2,5659494;2014,7965
875370,0;-4248030,0;2352,6162;2,3405318;1649,7539
875400,0;-4248030,0;2822,4941;2,2852309;1566,1892
874740,0;-4248000,0;2795,3928;2,1159594;1324,9092
874770,0;-4248000,0;2342,0044;1,9836684;1151,4191
874800,0;-4248000,0;1858,8243;2,0004501;1172,7001
874830,0;-4248000,0;1423,3612;2,2391243;1498,308
874860,0;-4248000,0;1079,7258;2,459081;1836,8241
874890,0;-4248000,0;835,64166;3,003573;2837,3005
874920,0;-4248000,0;681,4894;3,8499873;4867,4224
874950,0;-4248000,0;592,3992;4,58487;7115,884
874980,0;-4248000,0;534,66833;5,0542994;8795,472
875010,0;-4248000,0;495,91464;5,6904645;11381,169
875040,0;-4248000,0;471,58066;6,1886044;13658,883
875070,0;-4248000,0;458,71085;6,717352;16323,683
875100,0;-4248000,0;466,55188;7,076877;18282,826
875130,0;-4248000,0;506,19604;4,427448;6595,426
875160,0;-4248000,0;579,55896;4,3920574;6481,356
875190,0;-4248000,0;693,2643;4,0424724;5412,0195
875220,0;-4248000,0;850,92523;3,5589015;4102,744
875250,0;-4248000,0;1060,8043;3,3296719;3549,905
875280,0;-4248000,0;1304,8978;3,0031493;2836,4307
875310,0;-4248000,0;1607,0668;2,6593425;2177,6287
875340,0;-4248000,0;2004,3167;2,4225338;1777,9955
875370,0;-4248000,0;2470,3523;2,289269;1572,212
875400,0;-4248000,0;2978,0508;2,1641214;1391,3441
874740,0;-4247970,0;2824,6355;2,0875018;1286,478
874770,0;-4247970,0;2365,4304;1,9968386;1168,1025
874800,0;-4247970,0;1872,7235;1,9505215;1110,0023
874830,0;-4247970,0;1399,898;2,1271343;1340,1676
874860,0;-4247970,0;1033,4001;2,3951328;1734,5668
874890,0;-4247970,0;783,5396;3,011777;2854,175
874920,0;-4247970,0;631,6495;3,845294;4854,5327
874950,0;-4247970,0;544,08636;4,560368;7033,475
874980,0;-4247970,0;488,82294;5,133548;9098,034
875010,0;-4247970,0;453,21448;5,7398605;11597,033
875040,0;-4247970,0;431,39026;6,333522;14363,773
875070,0;-4247970,0;424,43094;6,8353734;16953,602
875100,0;-4247970,0;435,3665;6,9780126;17732,129
875130,0;-4247970,0;455,09988;6,8725324;17154,596
875160,0;-4247970,0;506,19604;4,3556666;6365,1797
875190,0;-4247970,0;610,08624;4,0523005;5440,665
875220,0;-4247970,0;779,76044;3,409171;3736,7458
875250,0;-4247970,0;1017,251;3,0117118;2854,0408
875280,0;-4247970,0;1320,8263;2,7805784;2399,234
875310,0;-4247970,0;1686,5736;2,532198;1957,6285
875340,0;-4247970,0;2117,3943;2,3308706;1634,986
875370,0;-4247970,0;2616,1875;2,2023458;1445,3225
874740,0;-4247940,0;2861,572;2,0198672;1197,5859
874770,0;-4247940,0;2391,2925;2,013641;1189,5756
874800,0;-4247940,0;1886,6388;1,9075377;1057,513
874830,0;-4247940,0;1378,7092;2,0467656;1232,527
874860,0;-4247940,0;989,1378;2,3531952;1669,2196
874890,0;-4247940,0;732,02277;2,9757917;2780,5593
874920,0;-4247940,0;579,192;3,768799;4647,0425
874950,0;-4247940,0;493,1816;4,600846;7169,896
874980,0;-4247940,0;441,97238;5,2507215;9555,532
875010,0;-4247940,0;409,0351;5,7831655;11788,085
875040,0;-4247940,0;389,4764;6,224613;13832,244
875070,0;-4247940,0;387,63004;6,5134335;15265,591
875100,0;-4247940,0;402,47974;6,5503654;15454,385
875130,0;-4247940,0;428,06433;6,2742887;14073,343
875160,0;-4247940,0;460,7095;6,173314;13585,624
875190,0;-4247940,0;535,3955;4,1579275;5753,6846
875220,0;-4247940,0;716,4947;2,9568965;2742,3206
875250,0;-4247940,0;990,3999;2,662468;2183,1956
875280,0;-4247940,0;1370,8488;2,41248;1761,9938
875310,0;-4247940,0;1802,7463;2,3853724;1719,2369
875340,0;-4247940,0;2268,014;2,248895;1512,557
875370,0;-4247940,0;2809,4448;2,0727632;1266,8142
874740,0;-4247910,0;2917,7031;1,9290338;1083,5911
874770,0;-4247910,0;2423,033;1,9755322;1141,177
874800,0;-4247910,0;1894,3326;1,8706032;1013,5052
874830,0;-4247910,0;1360,7151;1,9719555;1136,6903
874860,0;-4247910,0;948,2198;2,3228917;1622,8434
874890,0;-4247910,0;678,1573;2,9881678;2805,7598
874920,0;-4247910,0;524,6903;3,912681;5041,379
874950,0;-4247910,0;442,96603;4,665743;7391,5767
874980,0;-4247910,0;392,30692;5,310668;9794,283
875010,0;-4247910,0;360,61337;5,629932;11119,621
875040,0;-4247910,0;343,2936;5,8411818;12046,679
875070,0;-4247910,0;346,3546;6,0245314;12883,883
875100,0;-4247910,0;362,28592;6,245474;13933,218
875130,0;-4247910,0;390,29083;6,109178;13280,659
875160,0;-4247910,0;436,72388;5,6565223;11234,108
875190,0;-4247910,0;537,8908;3,3206518;3529,032
875220,0;-4247910,0;761,7566;2,5509999;1989,3655
875250,0;-4247910,0;1075,8715;2,4019942;1745,3871
875280,0;-4247910,0;1483,101;2,2761881;1552,7477
875310,0;-4247910,0;1950,8234;2,2688518;1541,8888
875340,0;-4247910,0;2472,3225;2,1255057;1337,9379
875370,0;-4247910,0;3050,0332;1,9854964;1153,7269
874740,0;-4247880,0;2996,9036;1,8165926;950,9655
874770,0;-4247880,0;2466,7676;1,9178954;1070,0356
874800,0;-4247880,0;1909,3107;1,8347865;971,7924
874830,0;-4247880,0;1347,472;1,9231982;1076,4777
874860,0;-4247880,0;908,87604;2,2667196;1538,7402
874890,0;-4247880,0;623,7501;2,9113111;2651,244
874920,0;-4247880,0;469,99545;3,8620703;4900,693
874950,0;-4247880,0;388,10648;4,747929;7677,553
874980,0;-4247880,0;338,47977;5,122782;9056,608
875010,0;-4247880,0;308,7508;5,4677153;10434,875
875040,0;-4247880,0;291,64517;5,7876763;11808,083
875070,0;-4247880,0;302,51;6,0501595;13003,329
875100,0;-4247880,0;320,0926;6,328993;14341,452
875130,0;-4247880,0;353,7493;6,202162;13724,015
875160,0;-4247880,0;415,6023;4,6287565;7264,789
875190,0;-4247880,0;571,32214;2,8497176;2530,8188
875220,0;-4247880,0;841,13525;2,3525631;1668,2451
875250,0;-4247880,0;1192,9207;2,1740236;1405,2208
875280,0;-4247880,0;1608,4387;2,1443615;1363,8749
875310,0;-4247880,0;2127,8516;2,040256;1224,0214
875340,0;-4247880,0;2719,011;2,036461;1219,0775
874740,0;-4247850,0;3108,8162;1,7087852;832,5374
874770,0;-4247850,0;2528,4712;1,8633721;1005,00726
874800,0;-4247850,0;1938,5531;1,7868822;917,4787
874830,0;-4247850,0;1338,2405;1,8585175;999,32416
874860,0;-4247850,0;867,01385;2,1803546;1414,132
874890,0;-4247850,0;565,29224;2,9142387;2657,0437
874920,0;-4247850,0;409,1411;3,9122422;5040,1504
874950,0;-4247850,0;327,8191;4,5589395;7028,686
874980,0;-4247850,0;276,7939;5,0026217;8601,147
875010,0;-4247850,0;249,9061;5,342161;9920,988
875040,0;-4247850,0;243,87962;5,715545;11490,502
875070,0;-4247850,0;254,54013;6,6735444;16093,144
875100,0;-4247850,0;278,8423;6,23562;13885,472
875130,0;-4247850,0;321,28595;5,924056;12421,335
875160,0;-4247850,0;413,1895;3,4845157;3918,6086
875190,0;-4247850,0;628,30597;2,5423095;1974,662
875220,0;-4247850,0;944,9414;2,2162588;1465,245
875250,0;-4247850,0;1336,1503;2,056493;1245,2968
875280,0;-4247850,0;1793,5374;1,954068;1114,3945
875310,0;-4247850,0;2377,19;1,9256437;1079,4557
875340,0;-4247850,0;2999,284;2,0153234;1191,737
874770,0;-4247820,0;2615,0037;1,7903697;921,37616
874800,0;-4247820,0;1982,6849;1,7305485;855,7607
874830,0;-4247820,0;1333,7124;1,7885426;919,3332
874860,0;-4247820,0;822,3151;2,1137729;1321,9346
874890,0;-4247820,0;501,7094;2,860487;2551,6567
874920,0;-4247820,0;339,74973;3,9113464;5037,6416
874950,0;-4247820,0;258,66983;4,6370645;7293,1665
874980,0;-4247820,0;212,81183;5,020783;8669,171
875010,0;-4247820,0;189,40579;5,3911257;10119,7295
875040,0;-4247820,0;191,63242;5,814836;11928,874
875070,0;-4247820,0;208,47679;6,235156;13883,227
875100,0;-4247820,0;237,3275;6,1709924;13574,522
875130,0;-4247820,0;294,03534;5,0582623;8810,471
875160,0;-4247820,0;438,93112;2,909966;2648,5818
875190,0;-4247820,0;707,9302;2,3262732;1627,9834
875220,0;-4247820,0;1074,7867;2,0900605;1289,9084
875250,0;-4247820,0;1519,4407;1,9166453;1068,52
875280,0;-4247820,0;2049,0508;1,7870911;917,7121
875310,0;-4247820,0;2673,1157;1,7614889;889,3711
874770,0;-4247790,0;2733,0146;1,697046;820,15393
874800,0;-4247790,0;2037,9585;1,6650668;786,92737
874830,0;-4247790,0;1335,4937;1,7185504;842,91516
874860,0;-4247790,0;776,5933;2,0396693;1223,2562
874890,0;-4247790,0;432,5426;2,7692368;2378,0107
874920,0;-4247790,0;266,3891;4,0193987;5345,0913
874950,0;-4247790,0;192,84702;4,6693025;7403,841
874980,0;-4247790,0;153,77028;5,089536;8929,319
875010,0;-4247790,0;134,94179;5,5865374;10934,141
875040,0;-4247790,0;144,64285;6,0702085;13097,187
875070,0;-4247790,0;170,00833;6,293171;14165,577
875100,0;-4247790,0;204,10858;6,224089;13829,713
875130,0;-4247790,0;284,38632;3,7395432;4568,979
875160,0;-4247790,0;489,53552;2,5638342;2011,1877
875190,0;-4247790,0;812,35486;2,1914303;1429,7949
875220,0;-4247790,0;1242,5107;1,9226706;1075,8358
875250,0;-4247790,0;1769,5104;1,7516632;878,62177
875280,0;-4247790,0;2382,3928;1,6530968;774,68097
875310,0;-4247790,0;3046,042;1,5713271;693,78986
874770,0;-4247760,0;2878,587;1,6168885;738,2676
874800,0;-4247760,0;2109,8933;1,600301;721,9019
874830,0;-4247760,0;1349,9623;1,6453242;766,7846
874860,0;-4247760,0;730,6901;1,9392853;1096,1487
874890,0;-4247760,0;356,38727;2,6862745;2225,8562
874920,0;-4247760,0;195,78143;4,002803;5297,2305
874950,0;-4247760,0;130,05096;4,6764927;7428,6484
874980,0;-4247760,0;104,96202;5,3079405;9783,351
875010,0;-4247760,0;94,31825;5,7831655;11788,085
875040,0;-4247760,0;101,93975;6,251825;13964,039
875070,0;-4247760,0;134,16415;5,990953;12728,288
875100,0;-4247760,0;180,55396;5,4990764;10565,425
875130,0;-4247760,0;299,0086;2,9521058;2732,671
875160,0;-4247760,0;566,6994;2,3324976;1637,4677
875190,0;-4247760,0;958,36523;1,9768131;1142,786
875220,0;-4247760,0;1481,1019;1,7297153;854,8652
875250,0;-4247760,0;2108,1982;1,6059179;727,42145
875280,0;-4247760,0;2812,1604;1,524106;649,2629
874770,0;-4247730,0;3050,8516;1,5404117;664,45807
874800,0;-4247730,0;2211,206;1,5445526;668,3471
874830,0;-4247730,0;1381,8168;1,5694098;691,951
874860,0;-4247730,0;687,2562;1,8214169;956,46436
874890,0;-4247730,0;273,4442;2,6502006;2161,3875
874920,0;-4247730,0;124,403366;4,207684;5904,415
874950,0;-4247730,0;73,78309;4,8695383;8111,48
874980,0;-4247730,0;47,199734;5,5993414;10988,694
875010,0;-4247730,0;45,99401;6,1415167;13433,961
875040,0;-4247730,0;65,83156;6,192314;13676,687
875070,0;-4247730,0;105,31885;5,7499213;11641,2705
875100,0;-4247730,0;167,6075;4,1769724;5811,13
875130,0;-4247730,0;345,81802;2,629216;2124,3552
875160,0;-4247730,0;681,5362;2,0812492;1278,1161
875190,0;-4247730,0;1172,9811;1,7531395;880,23224
875220,0;-4247730,0;1817,1533;1,5577054;680,7817
875250,0;-4247730,0;2561,852;1,4599586;591,3212
874800,0;-4247700,0;2359,9417;1,4746325;604,3178
874830,0;-4247700,0;1434,6617;1,4986002;625,8742
874860,0;-4247700,0;654,13055;1,7067409;830,3737
874890,0;-4247700,0;190,8538;2,6750085;2205,6123
874920,0;-4247700,0;61,041924;4,265138;6081,088
874950,0;-4247700,0;12,839861;5,2167726;9421,733
874980,0;-4247700,0;3,1146736;6,152777;13487,564
875010,0;-4247700,0;9,728441;6,8834944;17214,139
875040,0;-4247700,0;27,067581;6,650081;15970,394
875070,0;-4247700,0;72,97548;5,111699;9014,065
875100,0;-4247700,0;168,90775;3,2323804;3328,2732
875130,0;-4247700,0;434,28027;2,3171422;1614,1239
875160,0;-4247700,0;856,2501;1,8813193;1026,1694
875190,0;-4247700,0;1477,6681;1,5848597;706,84485
875220,0;-4247700,0;2257,7122;1,425469;561,37396
875250,0;-4247700,0;3140,2673;1,3591439;506,13803
874800,0;-4247670,0;2583,946;1,377198;520,86774
874830,0;-4247670,0;1539,7238;1,4372098;571,47424
874860,0;-4247670,0;642,7099;1,5967009;718,3761
874890,0;-4247670,0;108,84605;2,683214;2220,347
874920,0;-4247670,0;2,3524823;4,818547;7927,9624
874950,0;-4247670,0;0,0;5,8962917;12295,13
874980,0;-4247670,0;0,0;7,0296955;18018,879
875010,0;-4247670,0;0,0;7,8500905;22905,572
875040,0;-4247670,0;1,3335552;6,8287005;16917,643
875070,0;-4247670,0;46,580635;4,750767;7687,5327
875100,0;-4247670,0;200,4445;2,5982244;2070,296
875130,0;-4247670,0;576,877;1,991157;1160,8893
875160,0;-4247670,0;1129,5503;1,6374635;758,843
875190,0;-4247670,0;1906,2148;1,4401284;574,0001
875220,0;-4247670,0;2830,9995;1,3270586;480,52267
874800,0;-4247640,0;2935,9917;1,2705225;437,1295
874830,0;-4247640,0;1748,6145;1,3486519;497,6827
874860,0;-4247640,0;666,8096;1,4466187;579,6386
874890,0;-4247640,0;20,459488;2,7589655;2358,8782
874920,0;-4247640,0;0,0;4,0002003;5289,7456
874950,0;-4247640,0;0,0;5,503155;10582,468
874980,0;-4247640,0;0,0;7,081163;18306,904
875010,0;-4247640,0;0,0;7,432632;20339,945
875040,0;-4247640,0;0,0;6,371694;14552,638
875070,0;-4247640,0;31,801582;4,137154;5691,3765
875100,0;-4247640,0;287,27048;2,1176498;1327,2113
875130,0;-4247640,0;817,64136;1,6766589;798,8858
875160,0;-4247640,0;1551,6543;1,4401851;574,04913
875190,0;-4247640,0;2492,1965;1,3424901;492,75275
874830,0;-4247610,0;2139,0752;1,2241939;403,21826
874860,0;-4247610,0;813,6089;1,2960339;456,43564
874890,0;-4247610,0;0,0;1,6102018;731,6465
874920,0;-4247610,0;0,0;1,665235;787,1002
874950,0;-4247610,0;0,0;1,8672744;1009,5884
874980,0;-4247610,0;0,0;2,1440399;1363,4299
875010,0;-4247610,0;0,0;3,9787345;5228,232
875040,0;-4247610,0;0,0;3,9537306;5157,0684
875070,0;-4247610,0;37,678646;2,7171023;2281,7605
875100,0;-4247610,0;492,2605;1,6918824;814,7387
875130,0;-4247610,0;1236,7719;1,4408712;574,64386
875160,0;-4247610,0;2177,5732;1,3072205;465,04367
874830,0;-4247580,0;2825,349;1,1253681;335,79285
874860,0;-4247580,0;1264,7397;1,1650617;362,0748
874890,0;-4247580,0;0,0;1,135497;342,39783
874920,0;-4247580,0;0,0;1,0218407;272,24484
874950,0;-4247580,0;0,0;0,9834765;250,51343
874980,0;-4247580,0;0,0;1,0165956;269,21616
875010,0;-4247580,0;0,0;1,5102376;636,4881
875040,0;-4247580,0;0,0;1,9611355;1123,1752
875070,0;-4247580,0;146,08888;1,7665447;894,9296
875100,0;-4247580,0;944,7383;1,3561299;503,70108
875130,0;-4247580,0;1949,7249;1,2377493;412,98752
875160,0;-4247580,0;3059,4753;1,1853937;375,952
874860,0;-4247550,0;2244,2678;1,0719426;302,10068
874890,0;-4247550,0;369,40024;1,0187368;270,4504
874920,0;-4247550,0;0,0;0,9188493;216,10147
874950,0;-4247550,0;0,0;0,9183574;215,85005
874980,0;-4247550,0;0,0;0,9795218;248,32874
875010,0;-4247550,0;0,0;1,1570114;356,65802
875040,0;-4247550,0;0,0;1,3652157;511,06638
875070,0;-4247550,0;725,50903;1,2579118;427,7522
875100,0;-4247550,0;1849,6508;1,1615157;359,68332
875130,0;-4247550,0;3031,509;1,1269044;336,7902
874890,0;-4247520,0;2108,8625;1,0082946;264,46017
874920,0;-4247520,0;204,03653;0,93569326;224,80615
874950,0;-4247520,0;0,0;0,9129839;213,11388
874980,0;-4247520,0;0,0;0,9548244;234,91832
875010,0;-4247520,0;0,0;1,0227646;272,78027
875040,0;-4247520,0;854,1777;1,0725064;302,4463
875070,0;-4247520,0;2026,5082;1,0629263;296,60403
874920,0;-4247490,0;2858,4487;0,960186;237,79546
874950,0;-4247490,0;1787,0419;0,932285;223,02983
874980,0;-4247490,0;1343,3425;0,9495634;232,11356
875010,0;-4247490,0;1912,2532;0,9711746;243,75133
875040,0;-4247490,0;2818,607;0,98039097;248,80797
